Date and Time	TIMEZONE	AIR TEMP (*C)	SHT45 RH	Longwave Spherical Radiance (W/m^2/sr)	Longwave Spherical Radiance (*C)	UP LW IRRAD (*C)	NORTH LW IRRAD (*C)	EAST LW IRRAD (*C)	SOUTH LW IRRAD (*C)	WEST LW IRRAD (*C)	DOWN LW IRRAD (*C)	DATA SAVE RATE (PER MINUTE)	LOG NUMBER SINCE POWER-ON	SCREEN STATE (0=OFF)	ACCEL X	ACCEL Y	ACCEL Z
2023-11-06 22:45:01	CET	20.94	35.37	422.85	20.71	20.34	22.35	20.17	20.11	20.58	20.73	60.00	33561	1	10.07	0.46	1.05
2023-11-06 22:45:02	CET	20.95	35.35	422.89	20.72	20.42	22.30	20.16	20.15	20.55	20.73	60.00	33562	1	10.00	0.40	1.19
2023-11-06 22:45:03	CET	20.94	35.38	422.77	20.70	20.41	22.32	20.14	20.11	20.55	20.65	60.00	33563	1	9.90	0.48	1.10
2023-11-06 22:45:05	CET	20.94	35.36	422.90	20.72	20.39	22.36	20.17	20.15	20.59	20.66	60.00	33564	1	10.00	0.46	1.09
2023-11-06 22:45:06	CET	20.93	35.39	422.72	20.69	20.39	22.30	20.10	20.15	20.49	20.71	60.00	33565	1	10.05	0.42	1.05
2023-11-06 22:45:07	CET	20.92	35.36	422.73	20.69	20.37	22.29	20.14	20.15	20.49	20.71	60.00	33566	1	10.05	0.39	1.06
2023-11-06 22:45:09	CET	20.93	35.38	422.68	20.68	20.37	22.25	20.16	20.09	20.51	20.71	60.00	33567	1	10.06	0.45	1.07
2023-11-06 22:45:10	CET	20.91	35.39	422.73	20.69	20.37	22.34	20.17	20.05	20.51	20.71	60.00	33568	1	10.08	0.45	1.09
2023-11-06 22:45:12	CET	20.89	35.40	422.68	20.68	20.39	22.36	20.16	20.01	20.51	20.67	60.00	33569	1	10.09	0.51	1.11
2023-11-06 22:45:13	CET	20.90	35.42	422.73	20.69	20.33	22.39	20.10	20.09	20.53	20.71	60.00	33570	1	10.27	0.47	1.22
2023-11-06 22:45:14	CET	20.89	35.42	422.60	20.67	20.37	22.35	20.16	20.05	20.49	20.59	60.00	33571	1	10.31	0.38	1.00
2023-11-06 22:45:16	CET	20.89	35.40	422.81	20.71	20.33	22.37	20.20	20.11	20.51	20.71	60.00	33572	1	10.28	0.46	1.15
2023-11-06 22:45:17	CET	20.87	35.48	422.84	20.71	20.37	22.35	20.17	20.05	20.55	20.77	60.00	33573	1	10.22	0.48	1.09
2023-11-06 22:45:18	CET	20.88	35.45	422.74	20.69	20.33	22.35	20.17	20.05	20.55	20.71	60.00	33574	1	10.12	0.47	1.01
2023-11-06 22:45:20	CET	20.88	35.41	422.74	20.69	20.37	22.35	20.14	20.11	20.51	20.68	60.00	33575	1	10.11	0.47	1.02
2023-11-06 22:45:21	CET	20.89	35.45	422.73	20.69	20.43	22.25	20.17	20.09	20.51	20.70	60.00	33576	1	10.10	0.46	1.06
2023-11-06 22:45:22	CET	20.88	35.45	422.82	20.71	20.38	22.35	20.20	20.09	20.45	20.77	60.00	33577	1	9.95	0.49	0.88
2023-11-06 22:45:24	CET	20.87	35.43	422.65	20.68	20.37	22.35	20.17	20.03	20.47	20.67	60.00	33578	1	10.12	0.50	0.99
2023-11-06 22:45:25	CET	20.89	35.46	422.85	20.71	20.39	22.41	20.20	20.11	20.49	20.67	60.00	33579	1	10.22	0.51	1.17
2023-11-06 22:45:27	CET	20.89	35.43	422.74	20.69	20.43	22.41	20.15	20.05	20.45	20.67	60.00	33580	1	10.14	0.48	1.08
2023-11-06 22:45:28	CET	20.89	35.49	422.82	20.71	20.43	22.31	20.15	20.09	20.49	20.77	60.00	33581	1	10.12	0.48	1.06
2023-11-06 22:45:29	CET	20.88	35.45	422.72	20.69	20.39	22.35	20.15	20.05	20.49	20.71	60.00	33582	1	10.09	0.49	0.99
2023-11-06 22:45:31	CET	20.88	35.43	422.63	20.67	20.33	22.31	20.17	20.11	20.45	20.67	60.00	33583	1	10.12	0.46	0.91
2023-11-06 22:45:32	CET	20.91	35.46	422.90	20.72	20.39	22.35	20.21	20.15	20.51	20.71	60.00	33584	1	10.20	0.46	0.89
2023-11-06 22:45:33	CET	20.93	35.43	422.86	20.71	20.37	22.35	20.23	20.11	20.49	20.73	60.00	33585	1	10.05	0.47	0.88
2023-11-06 22:45:35	CET	20.93	35.44	423.04	20.75	20.49	22.35	20.18	20.15	20.51	20.79	60.00	33586	1	10.12	0.53	0.87
2023-11-06 22:45:36	CET	20.89	35.40	422.90	20.72	20.39	22.31	20.21	20.17	20.51	20.73	60.00	33587	1	10.10	0.47	0.87
2023-11-06 22:45:37	CET	20.90	35.44	422.97	20.73	20.43	22.35	20.17	20.17	20.51	20.77	60.00	33588	1	10.09	0.45	0.96
2023-11-06 22:45:39	CET	20.91	35.42	422.89	20.72	20.43	22.37	20.21	20.10	20.43	20.77	60.00	33589	1	10.07	0.47	1.02
2023-11-06 22:45:40	CET	20.93	35.36	422.92	20.72	20.45	22.37	20.15	20.09	20.45	20.83	60.00	33590	1	10.09	0.45	1.05
2023-11-06 22:45:42	CET	20.93	35.36	422.99	20.74	20.41	22.35	20.23	20.11	20.51	20.81	60.00	33591	1	9.97	0.48	0.83
2023-11-06 22:45:43	CET	20.94	35.36	422.84	20.71	20.42	22.35	20.23	20.11	20.51	20.65	60.00	33592	1	10.05	0.45	1.05
2023-11-06 22:45:44	CET	20.94	35.34	422.80	20.70	20.43	22.35	20.17	20.17	20.49	20.61	60.00	33593	1	10.04	0.44	1.17
2023-11-06 22:45:46	CET	20.95	35.40	422.72	20.69	20.37	22.31	20.21	20.15	20.51	20.59	60.00	33594	1	10.04	0.44	1.12
2023-11-06 22:45:47	CET	20.94	35.39	422.77	20.70	20.43	22.31	20.11	20.15	20.58	20.61	60.00	33595	1	10.02	0.39	1.12
2023-11-06 22:45:48	CET	20.92	35.39	422.67	20.68	20.43	22.31	20.15	20.05	20.49	20.65	60.00	33596	1	10.05	0.40	1.10
2023-11-06 22:45:50	CET	20.91	35.35	422.78	20.70	20.43	22.35	20.15	20.09	20.55	20.63	60.00	33597	1	10.07	0.43	1.04
2023-11-06 22:45:51	CET	20.90	35.39	422.63	20.67	20.39	22.37	20.11	20.05	20.51	20.61	60.00	33598	1	10.07	0.47	0.98
2023-11-06 22:45:53	CET	20.90	35.38	422.71	20.69	20.39	22.41	20.15	19.99	20.51	20.67	60.00	33599	1	10.15	0.48	0.99
2023-11-06 22:45:54	CET	20.90	35.39	422.84	20.71	20.43	22.35	20.15	20.01	20.59	20.73	60.00	33600	1	10.31	0.36	1.34
2023-11-06 22:45:55	CET	20.89	35.42	422.58	20.66	20.37	22.31	20.11	19.98	20.49	20.73	60.00	33601	1	10.19	0.51	1.27
2023-11-06 22:45:57	CET	20.89	35.41	422.71	20.69	20.39	22.37	20.11	20.05	20.44	20.77	60.00	33602	1	10.15	0.51	1.21
2023-11-06 22:45:58	CET	20.88	35.46	422.87	20.71	20.43	22.41	20.11	20.09	20.44	20.81	60.00	33603	1	10.08	0.46	1.08
2023-11-06 22:45:59	CET	20.87	35.46	422.82	20.71	20.37	22.41	20.15	20.05	20.45	20.81	60.00	33604	1	10.05	0.45	0.86
2023-11-06 22:46:01	CET	20.87	35.47	422.82	20.71	20.35	22.37	20.15	20.11	20.45	20.81	60.00	33605	1	10.06	0.46	0.97
2023-11-06 22:46:02	CET	20.87	35.42	422.82	20.71	20.35	22.35	20.15	20.15	20.43	20.81	60.00	33606	1	10.19	0.49	0.75
2023-11-06 22:46:03	CET	20.87	35.47	422.82	20.71	20.39	22.35	20.17	20.11	20.51	20.71	60.00	33607	1	10.03	0.40	0.88
2023-11-06 22:46:05	CET	20.88	35.47	422.72	20.69	20.37	22.31	20.15	20.11	20.49	20.71	60.00	33608	1	10.14	0.46	1.01
2023-11-06 22:46:06	CET	20.87	35.45	422.84	20.71	20.33	22.35	20.17	20.15	20.49	20.77	60.00	33609	1	10.12	0.44	1.03
2023-11-06 22:46:08	CET	20.89	35.46	422.78	20.70	20.33	22.37	20.17	20.11	20.51	20.71	60.00	33610	1	10.11	0.45	1.04
2023-11-06 22:46:09	CET	20.90	35.46	422.70	20.69	20.43	22.31	20.11	20.09	20.50	20.67	60.00	33611	1	10.13	0.47	1.07
2023-11-06 22:46:10	CET	20.91	35.44	422.72	20.69	20.33	22.35	20.15	20.11	20.55	20.65	60.00	33612	1	9.99	0.40	0.96
2023-11-06 22:46:12	CET	20.90	35.53	422.77	20.70	20.37	22.31	20.21	20.14	20.49	20.67	60.00	33613	1	10.18	0.59	0.91
2023-11-06 22:46:13	CET	20.92	35.45	422.87	20.72	20.37	22.35	20.17	20.12	20.51	20.77	60.00	33614	1	10.22	0.54	1.17
2023-11-06 22:46:14	CET	20.91	35.45	422.94	20.73	20.33	22.37	20.23	20.11	20.55	20.77	60.00	33615	1	10.17	0.50	1.11
2023-11-06 22:46:16	CET	20.89	35.43	422.78	20.70	20.33	22.37	20.15	20.09	20.45	20.81	60.00	33616	1	9.96	0.43	1.06
2023-11-06 22:46:17	CET	20.91	35.44	422.76	20.70	20.33	22.35	20.23	20.05	20.45	20.77	60.00	33617	1	10.05	0.44	1.06
2023-11-06 22:46:18	CET	20.91	35.46	422.80	20.70	20.27	22.37	20.17	20.09	20.51	20.81	60.00	33618	1	10.07	0.45	1.04
2023-11-06 22:46:20	CET	20.90	35.45	422.86	20.71	20.37	22.31	20.15	20.15	20.54	20.76	60.00	33619	1	10.14	0.39	1.04
2023-11-06 22:46:21	CET	20.90	35.46	422.70	20.69	20.35	22.31	20.17	20.11	20.49	20.69	60.00	33620	1	10.04	0.40	1.05
2023-11-06 22:46:23	CET	20.87	35.41	422.69	20.68	20.39	22.29	20.15	20.11	20.45	20.71	60.00	33621	1	10.04	0.52	0.86
2023-11-06 22:46:24	CET	20.89	35.47	422.80	20.70	20.33	22.37	20.15	20.17	20.55	20.65	60.00	33622	1	10.11	0.53	0.92
2023-11-06 22:46:25	CET	20.89	35.42	422.78	20.70	20.39	22.35	20.15	20.15	20.49	20.67	60.00	33623	1	10.10	0.49	0.97
2023-11-06 22:46:27	CET	20.88	35.46	422.72	20.69	20.37	22.29	20.15	20.11	20.49	20.73	60.00	33624	1	10.11	0.44	1.03
2023-11-06 22:46:28	CET	20.88	35.47	422.84	20.71	20.33	22.35	20.15	20.11	20.55	20.77	60.00	33625	1	10.12	0.47	1.03
2023-11-06 22:46:29	CET	20.90	35.47	422.76	20.70	20.37	22.37	20.17	20.01	20.55	20.71	60.00	33626	1	10.10	0.44	1.04
2023-11-06 22:46:31	CET	20.90	35.51	422.81	20.71	20.39	22.35	20.17	20.10	20.49	20.73	60.00	33627	1	10.10	0.46	0.94
2023-11-06 22:46:32	CET	20.90	35.45	422.80	20.70	20.33	22.37	20.17	20.11	20.51	20.73	60.00	33628	1	9.98	0.56	1.05
2023-11-06 22:46:34	CET	20.91	35.45	422.92	20.72	20.33	22.37	20.21	20.11	20.51	20.81	60.00	33629	1	10.04	0.55	0.86
2023-11-06 22:46:35	CET	20.91	35.46	422.72	20.69	20.37	22.35	20.15	20.09	20.45	20.73	60.00	33630	1	10.07	0.48	1.00
2023-11-06 22:46:36	CET	20.91	35.46	422.73	20.69	20.37	22.29	20.21	20.11	20.51	20.66	60.00	33631	1	10.07	0.47	1.03
2023-11-06 22:46:38	CET	20.91	35.47	422.74	20.69	20.37	22.29	20.15	20.11	20.55	20.68	60.00	33632	1	10.10	0.48	1.05
2023-11-06 22:46:39	CET	20.92	35.43	422.88	20.72	20.37	22.35	20.15	20.15	20.55	20.73	60.00	33633	1	10.12	0.47	1.05
2023-11-06 22:46:40	CET	20.93	35.43	422.76	20.70	20.40	22.35	20.17	20.11	20.49	20.65	60.00	33634	1	10.11	0.44	1.07
2023-11-06 22:46:42	CET	20.94	35.43	422.81	20.71	20.38	22.35	20.23	20.05	20.45	20.77	60.00	33635	1	10.32	0.41	1.17
2023-11-06 22:46:43	CET	20.92	35.43	422.70	20.68	20.39	22.37	20.15	19.99	20.44	20.77	60.00	33636	1	10.26	0.43	0.82
2023-11-06 22:46:44	CET	20.94	35.43	422.65	20.68	20.37	22.41	20.17	20.06	20.39	20.67	60.00	33637	1	10.11	0.50	0.76
2023-11-06 22:46:46	CET	20.95	35.45	422.81	20.70	20.31	22.37	20.21	20.16	20.51	20.67	60.00	33638	1	10.10	0.48	0.90
2023-11-06 22:46:47	CET	20.95	35.44	422.94	20.73	20.37	22.37	20.17	20.13	20.51	20.81	60.00	33639	1	10.10	0.48	1.00
2023-11-06 22:46:49	CET	20.97	35.42	423.01	20.74	20.39	22.35	20.27	20.15	20.51	20.77	60.00	33640	1	10.13	0.45	1.04
2023-11-06 22:46:50	CET	20.96	35.43	422.80	20.70	20.39	22.35	20.17	20.15	20.49	20.67	60.00	33641	1	10.23	0.50	0.99
2023-11-06 22:46:51	CET	20.95	35.43	422.92	20.72	20.43	22.35	20.15	20.15	20.55	20.71	60.00	33642	1	10.14	0.43	1.13
2023-11-06 22:46:53	CET	20.96	35.40	422.73	20.69	20.43	22.35	20.17	20.11	20.45	20.63	60.00	33643	1	10.01	0.45	0.76
2023-11-06 22:46:54	CET	20.95	35.35	422.75	20.69	20.39	22.28	20.17	20.11	20.49	20.73	60.00	33644	1	10.07	0.45	0.87
2023-11-06 22:46:55	CET	20.98	35.37	422.74	20.69	20.43	22.33	20.15	20.09	20.49	20.67	60.00	33645	1	9.99	0.48	0.91
2023-11-06 22:46:57	CET	20.95	35.40	422.78	20.70	20.45	22.37	20.11	20.05	20.49	20.73	60.00	33646	1	10.02	0.46	1.03
2023-11-06 22:46:58	CET	20.97	35.37	422.73	20.69	20.43	22.36	20.11	20.05	20.55	20.65	60.00	33647	1	10.07	0.44	1.05
2023-11-06 22:46:59	CET	20.95	35.42	422.73	20.69	20.38	22.39	20.09	20.09	20.49	20.71	60.00	33648	1	10.10	0.39	1.04
2023-11-06 22:47:01	CET	20.97	35.40	422.68	20.68	20.36	22.37	20.15	20.01	20.55	20.65	60.00	33649	1	10.05	0.41	0.85
2023-11-06 22:47:02	CET	20.96	35.42	422.63	20.67	20.39	22.37	20.15	20.04	20.45	20.65	60.00	33650	1	10.07	0.42	1.17
2023-11-06 22:47:04	CET	20.95	35.39	422.64	20.68	20.43	22.39	20.11	20.00	20.45	20.67	60.00	33651	1	10.11	0.46	1.27
2023-11-06 22:47:05	CET	20.93	35.39	422.76	20.70	20.39	22.39	20.17	20.05	20.50	20.67	60.00	33652	1	10.09	0.48	1.16
2023-11-06 22:47:06	CET	20.97	35.42	422.71	20.69	20.37	22.36	20.15	20.09	20.49	20.67	60.00	33653	1	10.11	0.47	1.11
2023-11-06 22:47:08	CET	20.96	35.44	422.90	20.72	20.43	22.35	20.21	20.05	20.55	20.73	60.00	33654	1	10.10	0.44	1.11
2023-11-06 22:47:09	CET	20.96	35.40	423.00	20.74	20.45	22.32	20.21	20.11	20.55	20.78	60.00	33655	1	10.10	0.45	1.05
2023-11-06 22:47:10	CET	20.97	35.39	422.81	20.70	20.39	22.36	20.15	20.09	20.51	20.73	60.00	33656	1	10.08	0.44	1.20
2023-11-06 22:47:12	CET	20.95	35.38	422.69	20.68	20.43	22.35	20.11	20.01	20.49	20.71	60.00	33657	1	9.97	0.46	1.08
2023-11-06 22:47:13	CET	20.95	35.38	422.70	20.69	20.39	22.36	20.15	20.05	20.45	20.71	60.00	33658	1	10.09	0.37	1.23
2023-11-06 22:47:15	CET	20.96	35.40	422.77	20.70	20.39	22.36	20.11	20.11	20.51	20.71	60.00	33659	1	10.10	0.42	1.13
2023-11-06 22:47:16	CET	20.91	35.41	422.74	20.69	20.37	22.41	20.11	20.11	20.50	20.67	60.00	33660	1	10.09	0.40	1.08
2023-11-06 22:47:17	CET	20.89	35.39	422.67	20.68	20.31	22.41	20.15	19.95	20.50	20.77	60.00	33661	1	10.07	0.42	1.03
2023-11-06 22:47:19	CET	20.87	35.45	422.78	20.70	20.37	22.41	20.15	20.05	20.51	20.71	60.00	33662	1	10.08	0.40	1.05
2023-11-06 22:47:20	CET	20.88	35.46	422.57	20.66	20.33	22.37	20.11	20.05	20.39	20.73	60.00	33663	1	10.09	0.45	1.02
2023-11-06 22:47:21	CET	20.87	35.47	422.88	20.72	20.38	22.41	20.17	20.04	20.59	20.71	60.00	33664	1	9.91	0.44	0.84
2023-11-06 22:47:23	CET	20.88	35.47	422.74	20.69	20.39	22.31	20.15	20.01	20.59	20.71	60.00	33665	1	9.97	0.50	0.82
2023-11-06 22:47:24	CET	20.87	35.53	422.73	20.69	20.45	22.31	20.15	20.09	20.45	20.69	60.00	33666	1	10.08	0.55	0.94
2023-11-06 22:47:25	CET	20.84	35.52	422.71	20.69	20.39	22.31	20.11	20.11	20.55	20.65	60.00	33667	1	10.11	0.47	0.99
2023-11-06 22:47:27	CET	20.86	35.55	422.68	20.68	20.45	22.29	20.11	20.05	20.54	20.65	60.00	33668	1	10.09	0.44	1.02
2023-11-06 22:47:28	CET	20.85	35.56	422.72	20.69	20.37	22.31	20.11	20.11	20.59	20.65	60.00	33669	1	10.10	0.48	1.00
2023-11-06 22:47:30	CET	20.86	35.59	422.69	20.68	20.33	22.25	20.15	20.17	20.59	20.61	60.00	33670	1	10.03	0.44	1.03
2023-11-06 22:47:31	CET	20.87	35.57	422.57	20.66	20.31	22.31	20.09	20.17	20.49	20.61	60.00	33671	1	10.06	0.41	1.02
2023-11-06 22:47:32	CET	20.86	35.61	422.67	20.68	20.33	22.25	20.11	20.21	20.51	20.67	60.00	33672	1	10.27	0.39	1.18
2023-11-06 22:47:34	CET	20.86	35.61	422.67	20.68	20.37	22.29	20.11	20.15	20.55	20.61	60.00	33673	1	10.17	0.43	1.08
2023-11-06 22:47:35	CET	20.84	35.59	422.48	20.65	20.27	22.29	20.11	20.12	20.51	20.59	60.00	33674	1	10.18	0.45	1.13
2023-11-06 22:47:36	CET	20.83	35.59	422.68	20.68	20.31	22.29	20.15	20.16	20.51	20.67	60.00	33675	1	10.11	0.44	1.10
2023-11-06 22:47:38	CET	20.84	35.62	422.71	20.69	20.35	22.31	20.15	20.14	20.51	20.67	60.00	33676	1	10.08	0.44	1.05
2023-11-06 22:47:39	CET	20.85	35.62	422.87	20.72	20.36	22.37	20.17	20.17	20.55	20.68	60.00	33677	1	10.12	0.45	1.03
2023-11-06 22:47:40	CET	20.86	35.60	422.91	20.72	20.33	22.31	20.21	20.21	20.59	20.68	60.00	33678	1	10.16	0.51	0.88
2023-11-06 22:47:42	CET	20.85	35.61	422.69	20.68	20.33	22.29	20.15	20.17	20.51	20.65	60.00	33679	1	10.06	0.48	1.08
2023-11-06 22:47:43	CET	20.84	35.58	422.82	20.71	20.37	22.29	20.15	20.21	20.51	20.71	60.00	33680	1	10.14	0.47	0.89
2023-11-06 22:47:45	CET	20.86	35.55	422.74	20.69	20.33	22.25	20.15	20.21	20.55	20.67	60.00	33681	1	10.11	0.46	0.99
2023-11-06 22:47:46	CET	20.86	35.61	422.59	20.67	20.33	22.25	20.11	20.15	20.49	20.67	60.00	33682	1	10.09	0.46	1.08
2023-11-06 22:47:47	CET	20.85	35.64	422.84	20.71	20.39	22.35	20.11	20.15	20.55	20.71	60.00	33683	1	10.09	0.47	1.04
2023-11-06 22:47:49	CET	20.87	35.61	422.99	20.74	20.39	22.35	20.21	20.15	20.59	20.73	60.00	33684	1	10.09	0.46	1.01
2023-11-06 22:47:50	CET	20.87	35.58	422.76	20.70	20.39	22.31	20.09	20.09	20.53	20.77	60.00	33685	1	10.38	0.42	1.06
2023-11-06 22:47:51	CET	20.88	35.58	422.86	20.71	20.39	22.35	20.17	20.10	20.46	20.81	60.00	33686	1	10.28	0.45	1.16
2023-11-06 22:47:53	CET	20.87	35.60	422.76	20.70	20.37	22.31	20.21	20.07	20.49	20.73	60.00	33687	1	10.16	0.48	0.93
2023-11-06 22:47:54	CET	20.87	35.61	423.00	20.74	20.43	22.37	20.21	20.11	20.55	20.76	60.00	33688	1	10.10	0.47	1.11
2023-11-06 22:47:56	CET	20.88	35.58	422.90	20.72	20.45	22.35	20.17	20.11	20.51	20.73	60.00	33689	1	10.08	0.44	1.09
2023-11-06 22:47:57	CET	20.89	35.60	422.98	20.73	20.48	22.37	20.17	20.15	20.51	20.73	60.00	33690	1	10.11	0.44	1.08
2023-11-06 22:47:58	CET	20.89	35.58	422.99	20.74	20.41	22.41	20.21	20.17	20.49	20.73	60.00	33691	1	10.10	0.46	1.04
2023-11-06 22:48:00	CET	20.93	35.54	422.87	20.72	20.40	22.41	20.15	20.11	20.49	20.73	60.00	33692	1	10.10	0.44	1.04
2023-11-06 22:48:01	CET	20.91	35.53	422.77	20.70	20.37	22.41	20.17	20.11	20.47	20.65	60.00	33693	1	10.04	0.55	1.18
2023-11-06 22:48:02	CET	20.93	35.50	422.80	20.70	20.39	22.37	20.17	20.09	20.49	20.71	60.00	33694	1	10.05	0.38	1.08
2023-11-06 22:48:04	CET	20.93	35.50	422.84	20.71	20.39	22.37	20.23	20.01	20.49	20.77	60.00	33695	1	10.08	0.46	1.03
2023-11-06 22:48:05	CET	20.95	35.49	422.92	20.72	20.37	22.43	20.21	20.09	20.51	20.73	60.00	33696	1	10.09	0.47	1.02
2023-11-06 22:48:06	CET	20.94	35.49	423.13	20.76	20.49	22.47	20.15	20.09	20.55	20.81	60.00	33697	1	10.09	0.48	1.01
2023-11-06 22:48:08	CET	20.94	35.47	422.72	20.69	20.31	22.41	20.09	20.01	20.51	20.81	60.00	33698	1	10.11	0.47	1.06
2023-11-06 22:48:09	CET	20.91	35.45	422.86	20.71	20.33	22.37	20.15	20.10	20.51	20.83	60.00	33699	1	10.10	0.56	0.95
2023-11-06 22:48:11	CET	20.90	35.46	422.94	20.73	20.37	22.43	20.17	20.02	20.55	20.82	60.00	33700	1	10.08	0.56	1.26
2023-11-06 22:48:12	CET	20.90	35.46	422.76	20.70	20.37	22.41	20.15	20.04	20.50	20.71	60.00	33701	1	10.01	0.57	1.22
2023-11-06 22:48:13	CET	20.89	35.50	422.75	20.70	20.37	22.37	20.15	20.05	20.56	20.67	60.00	33702	1	10.04	0.53	1.13
2023-11-06 22:48:15	CET	20.90	35.51	422.63	20.67	20.33	22.37	20.17	20.01	20.49	20.67	60.00	33703	1	9.99	0.46	1.10
2023-11-06 22:48:16	CET	20.91	35.53	422.67	20.68	20.33	22.35	20.15	20.05	20.55	20.65	60.00	33704	1	10.09	0.45	1.09
2023-11-06 22:48:17	CET	20.91	35.51	422.67	20.68	20.38	22.31	20.15	20.09	20.49	20.67	60.00	33705	1	10.09	0.47	1.06
2023-11-06 22:48:19	CET	20.91	35.51	422.70	20.68	20.38	22.31	20.15	20.01	20.49	20.77	60.00	33706	1	10.10	0.41	1.04
2023-11-06 22:48:20	CET	20.92	35.52	422.76	20.70	20.37	22.37	20.15	20.01	20.55	20.73	60.00	33707	1	9.97	0.37	1.32
2023-11-06 22:48:21	CET	20.92	35.51	422.74	20.69	20.33	22.35	20.11	20.05	20.49	20.83	60.00	33708	1	9.98	0.44	1.36
2023-11-06 22:48:23	CET	20.94	35.52	422.86	20.71	20.43	22.41	20.17	20.05	20.45	20.77	60.00	33709	1	10.00	0.35	1.27
2023-11-06 22:48:24	CET	20.92	35.48	422.78	20.70	20.37	22.41	20.17	20.05	20.49	20.70	60.00	33710	1	10.06	0.42	1.16
2023-11-06 22:48:26	CET	20.93	35.54	422.76	20.70	20.39	22.31	20.11	20.09	20.49	20.79	60.00	33711	1	10.08	0.43	1.10
2023-11-06 22:48:27	CET	20.93	35.46	422.71	20.69	20.39	22.35	20.11	20.01	20.49	20.77	60.00	33712	1	10.12	0.40	1.11
2023-11-06 22:48:28	CET	20.91	35.48	422.80	20.70	20.37	22.41	20.15	20.03	20.45	20.81	60.00	33713	1	10.14	0.45	1.06
2023-11-06 22:48:30	CET	20.92	35.51	422.83	20.71	20.33	22.41	20.21	20.06	20.51	20.73	60.00	33714	1	10.10	0.42	1.01
2023-11-06 22:48:31	CET	20.93	35.50	422.74	20.69	20.39	22.34	20.11	20.09	20.51	20.71	60.00	33715	1	10.06	0.48	0.92
2023-11-06 22:48:32	CET	20.93	35.46	422.61	20.67	20.33	22.29	20.15	20.11	20.43	20.71	60.00	33716	1	10.13	0.58	0.94
2023-11-06 22:48:34	CET	20.93	35.47	422.79	20.70	20.45	22.34	20.11	20.09	20.49	20.73	60.00	33717	1	10.11	0.57	0.94
2023-11-06 22:48:35	CET	20.94	35.49	422.78	20.70	20.37	22.37	20.17	20.05	20.53	20.71	60.00	33718	1	10.11	0.51	0.98
2023-11-06 22:48:37	CET	20.93	35.51	422.72	20.69	20.42	22.30	20.15	20.11	20.45	20.71	60.00	33719	1	10.09	0.51	1.01
2023-11-06 22:48:38	CET	20.94	35.50	422.74	20.69	20.38	22.29	20.17	20.09	20.51	20.71	60.00	33720	1	10.00	0.44	1.09
2023-11-06 22:48:39	CET	20.93	35.46	422.83	20.71	20.37	22.30	20.17	20.15	20.49	20.77	60.00	33721	1	10.08	0.46	1.04
2023-11-06 22:48:41	CET	20.92	35.46	422.64	20.68	20.43	22.33	20.09	20.09	20.49	20.63	60.00	33722	1	10.20	0.51	0.98
2023-11-06 22:48:42	CET	20.96	35.50	422.57	20.66	20.37	22.35	20.09	20.05	20.45	20.67	60.00	33723	1	10.33	0.50	1.11
2023-11-06 22:48:43	CET	20.92	35.49	422.67	20.68	20.39	22.34	20.15	20.05	20.49	20.66	60.00	33724	1	10.25	0.47	0.97
2023-11-06 22:48:45	CET	20.93	35.46	422.80	20.70	20.43	22.35	20.17	20.05	20.55	20.67	60.00	33725	1	10.17	0.45	1.01
2023-11-06 22:48:46	CET	20.91	35.50	422.76	20.70	20.43	22.32	20.17	20.05	20.54	20.67	60.00	33726	1	10.11	0.45	1.02
2023-11-06 22:48:47	CET	20.92	35.49	422.98	20.73	20.39	22.31	20.21	20.09	20.58	20.83	60.00	33727	1	10.08	0.46	1.03
2023-11-06 22:48:49	CET	20.94	35.51	422.80	20.70	20.39	22.31	20.17	20.05	20.49	20.81	60.00	33728	1	10.18	0.39	1.24
2023-11-06 22:48:50	CET	20.92	35.51	422.74	20.69	20.37	22.25	20.21	20.09	20.51	20.73	60.00	33729	1	10.33	0.48	1.13
2023-11-06 22:48:52	CET	20.91	35.48	422.84	20.71	20.37	22.25	20.21	20.11	20.51	20.81	60.00	33730	1	10.20	0.43	1.26
2023-11-06 22:48:53	CET	20.88	35.51	422.74	20.69	20.33	22.19	20.17	20.11	20.49	20.87	60.00	33731	1	10.17	0.42	1.16
2023-11-06 22:48:54	CET	20.89	35.58	422.82	20.71	20.39	22.25	20.11	20.17	20.55	20.77	60.00	33732	1	10.15	0.41	1.04
2023-11-06 22:48:56	CET	20.89	35.55	422.84	20.71	20.38	22.29	20.15	20.17	20.51	20.77	60.00	33733	1	10.12	0.44	1.05
2023-11-06 22:48:57	CET	20.90	35.62	422.69	20.68	20.35	22.25	20.21	20.05	20.55	20.70	60.00	33734	1	10.11	0.44	1.05
2023-11-06 22:48:58	CET	20.89	35.58	422.73	20.69	20.33	22.29	20.15	20.11	20.49	20.78	60.00	33735	1	10.12	0.45	1.06
2023-11-06 22:49:00	CET	20.91	35.57	422.65	20.68	20.33	22.29	20.17	20.09	20.51	20.67	60.00	33736	1	10.22	0.38	0.81
2023-11-06 22:49:01	CET	20.89	35.58	422.52	20.65	20.37	22.29	20.11	20.10	20.45	20.61	60.00	33737	1	10.06	0.47	0.80
2023-11-06 22:49:02	CET	20.89	35.62	422.67	20.68	20.39	22.29	20.15	20.09	20.55	20.61	60.00	33738	1	10.00	0.48	0.82
2023-11-06 22:49:04	CET	20.89	35.59	422.57	20.66	20.39	22.29	20.15	20.05	20.51	20.59	60.00	33739	1	10.06	0.48	0.92
2023-11-06 22:49:05	CET	20.90	35.59	422.55	20.66	20.37	22.29	20.09	20.09	20.51	20.61	60.00	33740	1	10.08	0.48	1.02
2023-11-06 22:49:07	CET	20.87	35.60	422.67	20.68	20.39	22.31	20.17	20.05	20.49	20.67	60.00	33741	1	10.10	0.46	1.02
2023-11-06 22:49:08	CET	20.89	35.62	422.77	20.70	20.39	22.35	20.17	20.11	20.56	20.61	60.00	33742	1	10.08	0.47	1.02
2023-11-06 22:49:09	CET	20.90	35.64	422.85	20.71	20.31	22.37	20.21	20.15	20.52	20.71	60.00	33743	1	10.19	0.41	1.10
2023-11-06 22:49:11	CET	20.91	35.62	422.82	20.71	20.37	22.35	20.17	20.09	20.55	20.71	60.00	33744	1	10.07	0.44	0.92
2023-11-06 22:49:12	CET	20.90	35.63	422.80	20.70	20.37	22.37	20.17	20.11	20.51	20.69	60.00	33745	1	9.94	0.36	1.06
2023-11-06 22:49:13	CET	20.92	35.59	422.78	20.70	20.39	22.37	20.17	20.05	20.55	20.66	60.00	33746	1	9.98	0.40	1.22
2023-11-06 22:49:15	CET	20.90	35.60	422.76	20.70	20.37	22.37	20.15	20.05	20.59	20.65	60.00	33747	1	10.05	0.45	1.18
2023-11-06 22:49:16	CET	20.93	35.60	422.89	20.72	20.38	22.41	20.15	20.11	20.55	20.71	60.00	33748	1	10.17	0.42	1.13
2023-11-06 22:49:17	CET	20.95	35.57	422.85	20.71	20.42	22.41	20.17	20.11	20.45	20.71	60.00	33749	1	10.13	0.40	1.11
2023-11-06 22:49:19	CET	20.92	35.57	422.88	20.72	20.39	22.41	20.15	20.13	20.49	20.73	60.00	33750	1	10.11	0.43	1.12
2023-11-06 22:49:20	CET	20.90	35.61	422.68	20.68	20.37	22.37	20.15	20.06	20.47	20.67	60.00	33751	1	10.00	0.46	0.98
2023-11-06 22:49:22	CET	20.93	35.57	422.63	20.67	20.43	22.35	20.11	20.01	20.49	20.65	60.00	33752	1	10.05	0.50	0.93
2023-11-06 22:49:23	CET	20.89	35.60	422.84	20.71	20.43	22.31	20.15	20.09	20.51	20.77	60.00	33753	1	10.15	0.37	1.13
2023-11-06 22:49:24	CET	20.88	35.61	422.84	20.71	20.39	22.35	20.17	20.09	20.49	20.77	60.00	33754	1	10.16	0.43	1.06
2023-11-06 22:49:26	CET	20.88	35.63	422.76	20.70	20.39	22.25	20.21	20.11	20.49	20.73	60.00	33755	1	10.11	0.45	1.07
2023-11-06 22:49:27	CET	20.90	35.58	422.71	20.69	20.37	22.29	20.17	20.11	20.49	20.69	60.00	33756	1	10.08	0.47	1.06
2023-11-06 22:49:28	CET	20.89	35.63	422.65	20.68	20.37	22.23	20.17	20.11	20.51	20.67	60.00	33757	1	10.17	0.40	1.20
2023-11-06 22:49:30	CET	20.87	35.61	422.66	20.68	20.33	22.25	20.11	20.11	20.55	20.72	60.00	33758	1	10.06	0.44	0.96
2023-11-06 22:49:31	CET	20.88	35.63	422.70	20.69	20.37	22.29	20.05	20.11	20.57	20.73	60.00	33759	1	9.99	0.45	0.90
2023-11-06 22:49:33	CET	20.87	35.66	422.76	20.70	20.37	22.25	20.15	20.11	20.59	20.71	60.00	33760	1	10.04	0.46	0.97
2023-11-06 22:49:34	CET	20.89	35.66	422.74	20.69	20.36	22.25	20.11	20.15	20.55	20.73	60.00	33761	1	10.03	0.51	0.88
2023-11-06 22:49:35	CET	20.85	35.70	422.70	20.69	20.35	22.25	20.15	20.15	20.55	20.67	60.00	33762	1	10.04	0.50	0.99
2023-11-06 22:49:37	CET	20.85	35.69	422.73	20.69	20.36	22.29	20.15	20.13	20.51	20.71	60.00	33763	1	10.06	0.44	1.00
2023-11-06 22:49:38	CET	20.85	35.70	422.85	20.71	20.39	22.29	20.21	20.06	20.55	20.77	60.00	33764	1	10.10	0.45	1.06
2023-11-06 22:49:39	CET	20.87	35.70	422.67	20.68	20.33	22.35	20.09	20.01	20.49	20.81	60.00	33765	1	10.14	0.53	1.11
2023-11-06 22:49:41	CET	20.88	35.71	422.55	20.66	20.33	22.35	20.11	19.95	20.49	20.73	60.00	33766	1	10.18	0.42	0.94
2023-11-06 22:49:42	CET	20.91	35.71	422.65	20.68	20.33	22.35	20.15	20.05	20.51	20.67	60.00	33767	1	10.19	0.48	0.91
2023-11-06 22:49:43	CET	20.91	35.67	422.57	20.66	20.39	22.35	20.09	19.95	20.49	20.71	60.00	33768	1	10.13	0.45	0.98
2023-11-06 22:49:45	CET	20.90	35.64	422.69	20.68	20.43	22.37	20.15	19.99	20.49	20.67	60.00	33769	1	10.09	0.44	1.01
2023-11-06 22:49:46	CET	20.92	35.63	422.67	20.68	20.37	22.37	20.15	20.09	20.45	20.65	60.00	33770	1	10.10	0.45	0.99
2023-11-06 22:49:48	CET	20.90	35.64	422.57	20.66	20.33	22.35	20.11	20.01	20.51	20.67	60.00	33771	1	10.11	0.46	1.04
2023-11-06 22:49:49	CET	20.93	35.65	422.67	20.68	20.33	22.37	20.15	20.05	20.45	20.73	60.00	33772	1	10.11	0.49	1.15
2023-11-06 22:49:50	CET	20.90	35.62	422.65	20.68	20.39	22.31	20.15	20.09	20.45	20.67	60.00	33773	1	10.33	0.39	1.16
2023-11-06 22:49:52	CET	20.89	35.63	422.67	20.68	20.37	22.31	20.15	20.05	20.55	20.65	60.00	33774	1	10.23	0.43	1.19
2023-11-06 22:49:53	CET	20.88	35.67	422.64	20.68	20.37	22.31	20.17	20.08	20.46	20.67	60.00	33775	1	10.18	0.45	1.15
2023-11-06 22:49:54	CET	20.90	35.66	422.59	20.67	20.33	22.29	20.17	20.11	20.49	20.61	60.00	33776	1	10.12	0.45	1.12
2023-11-06 22:49:56	CET	20.90	35.66	422.69	20.68	20.37	22.35	20.15	20.05	20.51	20.67	60.00	33777	1	10.06	0.47	1.08
2023-11-06 22:49:57	CET	20.90	35.66	422.66	20.68	20.38	22.35	20.15	20.09	20.43	20.67	60.00	33778	1	10.06	0.41	1.07
2023-11-06 22:49:58	CET	20.87	35.66	422.74	20.69	20.43	22.29	20.17	20.11	20.43	20.72	60.00	33779	1	10.07	0.40	1.07
2023-11-06 22:50:00	CET	20.90	35.66	422.71	20.69	20.39	22.31	20.17	20.11	20.43	20.72	60.00	33780	1	10.15	0.42	0.74
2023-11-06 22:50:01	CET	20.91	35.67	422.57	20.66	20.39	22.29	20.11	20.01	20.45	20.73	60.00	33781	1	10.18	0.47	0.77
2023-11-06 22:50:03	CET	20.86	35.63	422.61	20.67	20.39	22.29	20.09	20.09	20.49	20.67	60.00	33782	1	10.13	0.47	1.07
2023-11-06 22:50:04	CET	20.86	35.64	422.49	20.65	20.33	22.25	20.09	20.09	20.43	20.71	60.00	33783	1	10.09	0.46	1.03
2023-11-06 22:50:05	CET	20.85	35.71	422.51	20.65	20.33	22.25	20.09	20.01	20.54	20.71	60.00	33784	1	10.10	0.45	1.06
2023-11-06 22:50:07	CET	20.84	35.72	422.63	20.67	20.39	22.24	20.15	20.11	20.51	20.65	60.00	33785	1	10.08	0.45	1.10
2023-11-06 22:50:08	CET	20.86	35.78	422.62	20.67	20.39	22.26	20.11	20.11	20.55	20.61	60.00	33786	1	10.13	0.44	0.89
2023-11-06 22:50:09	CET	20.84	35.69	422.61	20.67	20.37	22.25	20.15	20.09	20.51	20.65	60.00	33787	1	10.17	0.44	0.77
2023-11-06 22:50:11	CET	20.86	35.69	422.48	20.65	20.33	22.24	20.09	20.11	20.51	20.61	60.00	33788	1	10.08	0.43	1.09
2023-11-06 22:50:12	CET	20.84	35.73	422.51	20.65	20.31	22.24	20.11	20.10	20.49	20.67	60.00	33789	1	10.09	0.43	1.08
2023-11-06 22:50:14	CET	20.86	35.74	422.77	20.70	20.39	22.25	20.15	20.09	20.55	20.76	60.00	33790	1	10.22	0.43	1.09
2023-11-06 22:50:15	CET	20.84	35.74	422.64	20.68	20.38	22.29	20.15	20.09	20.49	20.66	60.00	33791	1	10.18	0.44	1.06
2023-11-06 22:50:16	CET	20.83	35.76	422.66	20.68	20.39	22.30	20.15	20.09	20.48	20.67	60.00	33792	1	10.12	0.42	1.06
2023-11-06 22:50:18	CET	20.83	35.74	422.51	20.65	20.33	22.23	20.15	20.05	20.49	20.67	60.00	33793	1	10.09	0.46	1.04
2023-11-06 22:50:19	CET	20.84	35.73	422.54	20.66	20.33	22.28	20.09	20.05	20.55	20.65	60.00	33794	1	9.96	0.55	1.02
2023-11-06 22:50:20	CET	20.83	35.77	422.65	20.68	20.37	22.29	20.11	20.09	20.55	20.65	60.00	33795	1	10.18	0.44	1.23
2023-11-06 22:50:22	CET	20.82	35.76	422.50	20.65	20.39	22.26	20.05	20.09	20.51	20.61	60.00	33796	1	10.13	0.44	1.17
2023-11-06 22:50:23	CET	20.82	35.77	422.62	20.67	20.37	22.26	20.11	20.09	20.49	20.71	60.00	33797	1	10.13	0.43	1.12
2023-11-06 22:50:24	CET	20.83	35.79	422.60	20.67	20.33	22.28	20.17	20.05	20.45	20.73	60.00	33798	1	10.10	0.43	1.05
2023-11-06 22:50:26	CET	20.85	35.78	422.65	20.68	20.37	22.29	20.17	19.99	20.54	20.71	60.00	33799	1	10.09	0.46	1.04
2023-11-06 22:50:27	CET	20.84	35.82	422.57	20.66	20.39	22.31	20.15	20.01	20.47	20.65	60.00	33800	1	10.10	0.48	1.04
2023-11-06 22:50:29	CET	20.86	35.79	422.50	20.65	20.37	22.25	20.15	20.03	20.45	20.66	60.00	33801	1	10.01	0.49	1.02
2023-11-06 22:50:30	CET	20.86	35.78	422.65	20.68	20.37	22.31	20.15	20.11	20.45	20.67	60.00	33802	1	9.96	0.52	0.72
2023-11-06 22:50:31	CET	20.84	35.78	422.46	20.64	20.37	22.23	20.09	20.09	20.49	20.60	60.00	33803	1	10.04	0.52	0.99
2023-11-06 22:50:33	CET	20.83	35.83	422.59	20.67	20.37	22.23	20.15	20.11	20.49	20.65	60.00	33804	1	10.19	0.47	1.05
2023-11-06 22:50:34	CET	20.84	35.82	422.59	20.67	20.37	22.25	20.05	20.15	20.51	20.67	60.00	33805	1	10.15	0.45	1.04
2023-11-06 22:50:35	CET	20.82	35.82	422.50	20.65	20.35	22.29	20.11	20.09	20.39	20.67	60.00	33806	1	10.11	0.44	1.04
2023-11-06 22:50:37	CET	20.83	35.82	422.51	20.65	20.38	22.31	20.11	20.01	20.43	20.67	60.00	33807	1	10.09	0.43	1.01
2023-11-06 22:50:38	CET	20.85	35.81	422.76	20.70	20.39	22.35	20.15	20.09	20.43	20.77	60.00	33808	1	10.21	0.55	1.08
2023-11-06 22:50:39	CET	20.84	35.82	422.74	20.69	20.39	22.35	20.05	20.11	20.45	20.81	60.00	33809	1	10.16	0.46	1.00
2023-11-06 22:50:41	CET	20.84	35.84	422.51	20.65	20.33	22.31	20.15	20.01	20.45	20.67	60.00	33810	1	10.05	0.52	0.96
2023-11-06 22:50:42	CET	20.84	35.84	422.57	20.66	20.37	22.31	20.17	20.01	20.45	20.67	60.00	33811	1	10.13	0.38	0.98
2023-11-06 22:50:44	CET	20.82	35.79	422.62	20.67	20.37	22.29	20.17	20.09	20.39	20.73	60.00	33812	1	10.13	0.40	1.01
2023-11-06 22:50:45	CET	20.81	35.83	422.54	20.66	20.33	22.35	20.11	20.05	20.39	20.72	60.00	33813	1	10.09	0.41	1.02
2023-11-06 22:50:46	CET	20.84	35.82	422.76	20.70	20.37	22.35	20.17	20.05	20.51	20.73	60.00	33814	1	10.12	0.46	1.04
2023-11-06 22:50:48	CET	20.83	35.81	422.63	20.67	20.37	22.37	20.11	20.01	20.45	20.73	60.00	33815	1	10.10	0.52	0.93
2023-11-06 22:50:49	CET	20.85	35.80	422.63	20.67	20.37	22.35	20.15	20.01	20.45	20.71	60.00	33816	1	10.06	0.52	0.84
2023-11-06 22:50:50	CET	20.85	35.82	422.67	20.68	20.37	22.37	20.11	20.09	20.43	20.71	60.00	33817	1	10.21	0.52	0.72
2023-11-06 22:50:52	CET	20.84	35.80	422.65	20.68	20.43	22.31	20.11	20.05	20.45	20.71	60.00	33818	1	10.18	0.49	0.82
2023-11-06 22:50:53	CET	20.84	35.80	422.57	20.66	20.33	22.35	20.11	20.09	20.39	20.71	60.00	33819	1	10.21	0.45	1.13
2023-11-06 22:50:55	CET	20.83	35.80	422.54	20.66	20.36	22.31	20.15	20.01	20.39	20.73	60.00	33820	1	10.15	0.44	1.11
2023-11-06 22:50:56	CET	20.84	35.82	422.49	20.65	20.34	22.25	20.15	19.99	20.45	20.71	60.00	33821	1	10.12	0.45	1.09
2023-11-06 22:50:57	CET	20.83	35.80	422.66	20.68	20.36	22.35	20.15	20.09	20.45	20.67	60.00	33822	1	10.06	0.42	1.05
2023-11-06 22:50:59	CET	20.83	35.78	422.65	20.68	20.39	22.37	20.17	20.09	20.39	20.65	60.00	33823	1	10.09	0.50	1.17
2023-11-06 22:51:00	CET	20.85	35.83	422.52	20.65	20.37	22.31	20.11	20.05	20.44	20.65	60.00	33824	1	10.15	0.47	0.95
2023-11-06 22:51:01	CET	20.81	35.83	422.68	20.68	20.33	22.31	20.21	20.09	20.49	20.66	60.00	33825	1	10.18	0.49	1.13
2023-11-06 22:51:03	CET	20.84	35.81	422.68	20.68	20.39	22.29	20.15	20.07	20.49	20.71	60.00	33826	1	10.16	0.47	1.09
2023-11-06 22:51:04	CET	20.84	35.82	422.58	20.67	20.39	22.31	20.11	20.02	20.49	20.67	60.00	33827	1	10.10	0.43	1.07
2023-11-06 22:51:05	CET	20.85	35.81	422.44	20.64	20.33	22.25	20.15	20.05	20.39	20.67	60.00	33828	1	10.13	0.45	1.06
2023-11-06 22:51:07	CET	20.86	35.84	422.59	20.67	20.37	22.31	20.09	20.05	20.45	20.73	60.00	33829	1	10.09	0.45	1.04
2023-11-06 22:51:08	CET	20.84	35.79	422.59	20.67	20.33	22.35	20.09	20.05	20.45	20.73	60.00	33830	1	9.98	0.39	1.29
2023-11-06 22:51:10	CET	20.83	35.82	422.53	20.66	20.33	22.31	20.09	19.95	20.49	20.77	60.00	33831	1	10.13	0.42	1.33
2023-11-06 22:51:11	CET	20.82	35.81	422.53	20.66	20.39	22.31	20.15	19.95	20.43	20.71	60.00	33832	1	10.04	0.43	1.32
2023-11-06 22:51:12	CET	20.81	35.84	422.43	20.64	20.31	22.29	20.09	19.95	20.49	20.71	60.00	33833	1	10.04	0.43	1.32
2023-11-06 22:51:14	CET	20.81	35.81	422.57	20.66	20.37	22.25	20.15	20.05	20.51	20.65	60.00	33834	1	10.06	0.46	1.19
2023-11-06 22:51:15	CET	20.82	35.82	422.47	20.65	20.38	22.23	20.15	20.05	20.45	20.62	60.00	33835	1	10.08	0.44	1.12
2023-11-06 22:51:16	CET	20.86	35.87	422.76	20.70	20.42	22.29	20.15	20.15	20.45	20.72	60.00	33836	1	10.11	0.49	1.05
2023-11-06 22:51:18	CET	20.83	35.83	422.71	20.69	20.37	22.27	20.21	20.11	20.43	20.73	60.00	33837	1	10.25	0.43	0.89
2023-11-06 22:51:19	CET	20.87	35.86	422.87	20.72	20.39	22.35	20.21	20.08	20.49	20.77	60.00	33838	1	10.20	0.46	1.03
2023-11-06 22:51:20	CET	20.86	35.80	422.62	20.67	20.33	22.31	20.17	19.96	20.55	20.71	60.00	33839	1	10.20	0.38	1.13
2023-11-06 22:51:22	CET	20.84	35.80	422.64	20.68	20.33	22.35	20.17	20.01	20.49	20.71	60.00	33840	1	10.18	0.44	1.05
2023-11-06 22:51:23	CET	20.83	35.80	422.63	20.67	20.39	22.35	20.15	19.99	20.49	20.67	60.00	33841	1	10.12	0.43	1.06
2023-11-06 22:51:25	CET	20.84	35.83	422.57	20.66	20.37	22.35	20.11	19.99	20.49	20.67	60.00	33842	1	10.12	0.46	1.05
2023-11-06 22:51:26	CET	20.83	35.87	422.61	20.67	20.33	22.35	20.15	20.01	20.51	20.67	60.00	33843	1	10.11	0.47	1.08
2023-11-06 22:51:27	CET	20.84	35.84	422.71	20.69	20.33	22.31	20.17	20.09	20.51	20.71	60.00	33844	1	10.07	0.43	1.19
2023-11-06 22:51:29	CET	20.84	35.83	422.59	20.67	20.39	22.35	20.09	20.01	20.51	20.65	60.00	33845	1	10.05	0.37	1.43
2023-11-06 22:51:30	CET	20.86	35.83	422.59	20.67	20.37	22.35	20.21	20.05	20.43	20.59	60.00	33846	1	10.12	0.35	1.22
2023-11-06 22:51:31	CET	20.85	35.87	422.64	20.68	20.37	22.41	20.15	20.05	20.45	20.62	60.00	33847	1	10.12	0.41	1.15
2023-11-06 22:51:33	CET	20.86	35.82	422.57	20.66	20.37	22.29	20.09	20.11	20.46	20.66	60.00	33848	1	10.07	0.42	0.97
2023-11-06 22:51:34	CET	20.86	35.83	422.57	20.66	20.35	22.29	20.11	20.09	20.43	20.71	60.00	33849	1	10.10	0.44	1.00
2023-11-06 22:51:36	CET	20.87	35.86	422.48	20.65	20.35	22.25	20.11	20.01	20.43	20.73	60.00	33850	1	10.11	0.44	1.03
2023-11-06 22:51:37	CET	20.85	35.82	422.55	20.66	20.37	22.29	20.17	20.02	20.43	20.67	60.00	33851	1	10.09	0.42	1.07
2023-11-06 22:51:38	CET	20.83	35.84	422.42	20.64	20.33	22.29	20.09	20.05	20.45	20.61	60.00	33852	1	9.97	0.45	0.99
2023-11-06 22:51:40	CET	20.86	35.85	422.49	20.65	20.37	22.29	20.11	20.05	20.43	20.65	60.00	33853	1	10.21	0.46	1.04
2023-11-06 22:51:41	CET	20.83	35.85	422.63	20.67	20.39	22.29	20.15	20.01	20.55	20.65	60.00	33854	1	10.17	0.55	1.02
2023-11-06 22:51:42	CET	20.87	35.86	422.62	20.67	20.37	22.26	20.11	20.09	20.49	20.71	60.00	33855	1	10.13	0.48	1.06
2023-11-06 22:51:44	CET	20.84	35.84	422.65	20.68	20.43	22.29	20.09	20.05	20.50	20.71	60.00	33856	1	10.12	0.46	1.07
2023-11-06 22:51:45	CET	20.84	35.86	422.62	20.67	20.37	22.29	20.17	19.99	20.50	20.71	60.00	33857	1	10.08	0.46	1.06
2023-11-06 22:51:46	CET	20.83	35.84	422.54	20.66	20.39	22.26	20.11	20.05	20.43	20.71	60.00	33858	1	10.10	0.48	1.05
2023-11-06 22:51:48	CET	20.85	35.89	422.43	20.64	20.31	22.24	20.11	20.05	20.37	20.75	60.00	33859	1	10.12	0.40	1.10
2023-11-06 22:51:49	CET	20.85	35.86	422.57	20.66	20.31	22.35	20.15	20.09	20.37	20.71	60.00	33860	1	10.17	0.31	1.19
2023-11-06 22:51:51	CET	20.83	35.83	422.64	20.68	20.33	22.36	20.09	20.05	20.49	20.73	60.00	33861	1	10.19	0.45	1.15
2023-11-06 22:51:52	CET	20.84	35.87	422.54	20.66	20.31	22.30	20.17	20.01	20.45	20.71	60.00	33862	1	10.20	0.48	1.05
2023-11-06 22:51:53	CET	20.82	35.84	422.60	20.67	20.37	22.28	20.15	20.01	20.49	20.71	60.00	33863	1	10.16	0.45	1.05
2023-11-06 22:51:55	CET	20.85	35.89	422.66	20.68	20.38	22.29	20.11	20.06	20.46	20.77	60.00	33864	1	10.09	0.47	1.08
2023-11-06 22:51:56	CET	20.82	35.89	422.67	20.68	20.37	22.30	20.23	20.05	20.42	20.71	60.00	33865	1	9.97	0.49	0.89
2023-11-06 22:51:57	CET	20.85	35.86	422.67	20.68	20.33	22.29	20.17	20.09	20.49	20.71	60.00	33866	1	10.12	0.46	0.97
2023-11-06 22:51:59	CET	20.84	35.88	422.56	20.66	20.33	22.26	20.11	20.09	20.51	20.67	60.00	33867	1	10.14	0.50	0.97
2023-11-06 22:52:00	CET	20.84	35.87	422.59	20.67	20.39	22.35	20.17	20.05	20.43	20.61	60.00	33868	1	10.14	0.50	0.72
2023-11-06 22:52:01	CET	20.84	35.87	422.74	20.69	20.37	22.29	20.17	20.15	20.51	20.67	60.00	33869	1	10.31	0.48	0.89
2023-11-06 22:52:03	CET	20.83	35.87	422.72	20.69	20.39	22.25	20.15	20.15	20.49	20.71	60.00	33870	1	10.20	0.45	0.98
2023-11-06 22:52:04	CET	20.84	35.87	422.74	20.69	20.33	22.29	20.17	20.15	20.49	20.73	60.00	33871	1	10.12	0.48	1.02
2023-11-06 22:52:06	CET	20.87	35.90	422.80	20.70	20.39	22.37	20.15	20.17	20.47	20.67	60.00	33872	1	10.12	0.45	1.07
2023-11-06 22:52:07	CET	20.87	35.89	422.71	20.69	20.37	22.31	20.15	20.15	20.43	20.71	60.00	33873	1	10.13	0.44	1.06
2023-11-06 22:52:08	CET	20.90	35.87	422.80	20.70	20.37	22.31	20.17	20.15	20.45	20.77	60.00	33874	1	9.97	0.50	1.09
2023-11-06 22:52:10	CET	20.88	35.87	422.82	20.71	20.39	22.31	20.17	20.11	20.49	20.77	60.00	33875	1	10.03	0.37	0.95
2023-11-06 22:52:11	CET	20.89	35.84	422.82	20.71	20.39	22.29	20.21	20.11	20.43	20.81	60.00	33876	1	10.09	0.40	1.02
2023-11-06 22:52:12	CET	20.87	35.85	422.86	20.71	20.42	22.29	20.15	20.14	20.45	20.83	60.00	33877	1	10.06	0.53	1.06
2023-11-06 22:52:14	CET	20.88	35.84	422.79	20.70	20.44	22.25	20.15	20.09	20.51	20.77	60.00	33878	1	10.10	0.47	1.04
2023-11-06 22:52:15	CET	20.86	35.84	422.85	20.71	20.41	22.31	20.17	20.13	20.51	20.73	60.00	33879	1	10.09	0.46	1.06
2023-11-06 22:52:17	CET	20.88	35.82	422.58	20.67	20.33	22.29	20.15	20.09	20.46	20.67	60.00	33880	1	10.10	0.46	1.05
2023-11-06 22:52:18	CET	20.87	35.83	422.72	20.69	20.37	22.29	20.15	20.11	20.49	20.73	60.00	33881	1	10.12	0.51	0.86
2023-11-06 22:52:19	CET	20.86	35.89	422.71	20.69	20.37	22.29	20.15	20.11	20.49	20.71	60.00	33882	1	10.05	0.52	0.85
2023-11-06 22:52:21	CET	20.85	35.84	422.67	20.68	20.37	22.29	20.15	20.11	20.49	20.67	60.00	33883	1	10.09	0.36	1.12
2023-11-06 22:52:22	CET	20.87	35.87	422.76	20.70	20.37	22.31	20.17	20.15	20.51	20.67	60.00	33884	1	10.08	0.40	1.08
2023-11-06 22:52:23	CET	20.87	35.83	422.71	20.69	20.37	22.31	20.17	20.05	20.55	20.67	60.00	33885	1	10.09	0.45	1.04
2023-11-06 22:52:25	CET	20.87	35.88	422.69	20.68	20.37	22.31	20.17	20.09	20.49	20.67	60.00	33886	1	10.13	0.46	1.06
2023-11-06 22:52:26	CET	20.87	35.86	422.51	20.65	20.33	22.25	20.17	20.05	20.45	20.67	60.00	33887	1	10.13	0.42	1.07
2023-11-06 22:52:27	CET	20.88	35.82	422.77	20.70	20.39	22.35	20.17	20.05	20.50	20.73	60.00	33888	1	10.28	0.48	0.81
2023-11-06 22:52:29	CET	20.89	35.88	422.65	20.68	20.31	22.37	20.15	20.09	20.49	20.65	60.00	33889	1	10.14	0.46	1.06
2023-11-06 22:52:30	CET	20.87	35.81	422.57	20.66	20.33	22.31	20.15	19.99	20.49	20.71	60.00	33890	1	10.14	0.35	1.16
2023-11-06 22:52:32	CET	20.88	35.83	422.61	20.67	20.33	22.29	20.15	20.03	20.49	20.73	60.00	33891	1	10.15	0.35	0.91
2023-11-06 22:52:33	CET	20.86	35.86	422.65	20.68	20.41	22.25	20.17	20.09	20.45	20.69	60.00	33892	1	10.14	0.38	0.98
2023-11-06 22:52:34	CET	20.89	35.85	422.65	20.68	20.39	22.31	20.17	20.11	20.43	20.65	60.00	33893	1	10.09	0.41	1.02
2023-11-06 22:52:36	CET	20.87	35.87	422.71	20.69	20.43	22.25	20.15	20.09	20.49	20.71	60.00	33894	1	10.08	0.44	0.98
2023-11-06 22:52:37	CET	20.84	35.86	422.49	20.65	20.33	22.25	20.11	20.05	20.45	20.71	60.00	33895	1	10.09	0.42	1.00
2023-11-06 22:52:38	CET	20.84	35.86	422.67	20.68	20.37	22.25	20.15	20.05	20.49	20.77	60.00	33896	1	10.04	0.52	1.17
2023-11-06 22:52:40	CET	20.82	35.90	422.60	20.67	20.39	22.29	20.09	20.05	20.52	20.67	60.00	33897	1	10.06	0.48	1.21
2023-11-06 22:52:41	CET	20.83	35.92	422.59	20.67	20.39	22.29	20.15	20.05	20.51	20.61	60.00	33898	1	10.24	0.54	0.81
2023-11-06 22:52:42	CET	20.84	35.94	422.53	20.66	20.39	22.29	20.11	20.05	20.49	20.61	60.00	33899	1	10.16	0.51	0.88
2023-11-06 22:52:44	CET	20.85	35.93	422.78	20.70	20.43	22.25	20.21	20.09	20.49	20.73	60.00	33900	1	10.14	0.47	0.92
2023-11-06 22:52:45	CET	20.84	35.92	422.65	20.68	20.39	22.25	20.11	20.15	20.49	20.67	60.00	33901	1	10.09	0.46	1.05
2023-11-06 22:52:47	CET	20.85	35.95	422.69	20.68	20.37	22.29	20.15	20.17	20.51	20.61	60.00	33902	1	10.06	0.42	0.94
2023-11-06 22:52:48	CET	20.86	35.89	422.69	20.68	20.33	22.35	20.17	20.10	20.49	20.66	60.00	33903	1	10.04	0.47	0.85
2023-11-06 22:52:49	CET	20.86	35.94	422.68	20.68	20.39	22.31	20.15	20.10	20.48	20.67	60.00	33904	1	10.19	0.45	0.69
2023-11-06 22:52:51	CET	20.87	35.92	422.75	20.69	20.39	22.31	20.15	20.15	20.45	20.71	60.00	33905	1	10.13	0.42	0.84
2023-11-06 22:52:52	CET	20.83	35.96	422.78	20.70	20.39	22.31	20.11	20.17	20.49	20.73	60.00	33906	1	10.16	0.44	1.22
2023-11-06 22:52:53	CET	20.86	35.88	422.72	20.69	20.40	22.31	20.17	20.11	20.49	20.65	60.00	33907	1	10.10	0.46	1.12
2023-11-06 22:52:55	CET	20.86	35.91	422.55	20.66	20.35	22.31	20.11	20.09	20.45	20.65	60.00	33908	1	10.09	0.49	1.05
2023-11-06 22:52:56	CET	20.85	35.95	422.70	20.69	20.36	22.31	20.11	20.17	20.49	20.67	60.00	33909	1	10.14	0.42	1.07
2023-11-06 22:52:58	CET	20.86	35.89	422.78	20.70	20.33	22.31	20.17	20.17	20.51	20.71	60.00	33910	1	10.23	0.42	1.19
2023-11-06 22:52:59	CET	20.86	35.91	422.67	20.68	20.33	22.29	20.09	20.11	20.49	20.77	60.00	33911	1	10.18	0.45	1.02
2023-11-06 22:53:00	CET	20.86	35.98	422.74	20.69	20.43	22.29	20.17	20.11	20.45	20.71	60.00	33912	1	10.04	0.43	1.01
2023-11-06 22:53:02	CET	20.86	35.99	422.76	20.70	20.37	22.35	20.15	20.15	20.48	20.67	60.00	33913	1	10.09	0.45	1.05
2023-11-06 22:53:03	CET	20.84	35.92	422.64	20.68	20.33	22.29	20.09	20.15	20.49	20.70	60.00	33914	1	10.05	0.45	1.06
2023-11-06 22:53:04	CET	20.84	35.92	422.66	20.68	20.37	22.29	20.11	20.11	20.49	20.70	60.00	33915	1	10.05	0.47	1.05
2023-11-06 22:53:06	CET	20.86	35.95	422.63	20.67	20.33	22.31	20.11	20.13	20.49	20.67	60.00	33916	1	10.08	0.44	1.01
2023-11-06 22:53:07	CET	20.86	35.93	422.73	20.69	20.37	22.29	20.15	20.12	20.55	20.67	60.00	33917	1	10.00	0.55	1.10
2023-11-06 22:53:08	CET	20.87	35.97	422.63	20.67	20.39	22.29	20.15	20.11	20.45	20.65	60.00	33918	1	9.90	0.57	1.08
2023-11-06 22:53:10	CET	20.85	35.90	422.59	20.67	20.39	22.25	20.11	20.11	20.49	20.65	60.00	33919	1	10.06	0.48	0.95
2023-11-06 22:53:11	CET	20.85	35.97	422.63	20.67	20.33	22.29	20.11	20.15	20.49	20.67	60.00	33920	1	10.09	0.46	1.04
2023-11-06 22:53:13	CET	20.85	35.96	422.79	20.70	20.35	22.29	20.15	20.15	20.56	20.71	60.00	33921	1	10.10	0.48	1.03
2023-11-06 22:53:14	CET	20.84	35.94	422.71	20.69	20.37	22.29	20.11	20.17	20.51	20.67	60.00	33922	1	10.08	0.45	1.05
2023-11-06 22:53:15	CET	20.83	35.94	422.76	20.70	20.39	22.31	20.17	20.15	20.49	20.67	60.00	33923	1	10.09	0.49	1.03
2023-11-06 22:53:17	CET	20.84	35.97	422.69	20.68	20.33	22.31	20.09	20.15	20.51	20.71	60.00	33924	1	10.08	0.46	1.04
2023-11-06 22:53:18	CET	20.83	35.98	422.71	20.69	20.37	22.31	20.15	20.11	20.51	20.67	60.00	33925	1	10.10	0.45	1.12
2023-11-06 22:53:19	CET	20.84	35.97	422.82	20.71	20.33	22.31	20.15	20.11	20.55	20.79	60.00	33926	1	10.12	0.47	1.18
2023-11-06 22:53:21	CET	20.84	35.97	422.89	20.72	20.37	22.37	20.17	20.11	20.55	20.74	60.00	33927	1	10.04	0.36	1.20
2023-11-06 22:53:22	CET	20.84	35.97	422.78	20.70	20.37	22.35	20.11	20.13	20.47	20.77	60.00	33928	1	10.06	0.41	1.12
2023-11-06 22:53:23	CET	20.83	35.94	422.79	20.70	20.33	22.35	20.17	20.12	20.51	20.73	60.00	33929	1	10.07	0.43	1.07
2023-11-06 22:53:25	CET	20.86	35.99	422.85	20.71	20.39	22.36	20.17	20.17	20.51	20.67	60.00	33930	1	10.07	0.46	0.94
2023-11-06 22:53:26	CET	20.86	35.99	422.91	20.72	20.37	22.39	20.15	20.15	20.51	20.77	60.00	33931	1	10.06	0.39	0.95
2023-11-06 22:53:28	CET	20.87	35.99	422.74	20.69	20.39	22.35	20.15	20.15	20.45	20.67	60.00	33932	1	10.13	0.51	0.75
2023-11-06 22:53:29	CET	20.88	35.95	422.84	20.71	20.39	22.35	20.17	20.17	20.51	20.67	60.00	33933	1	10.20	0.54	1.18
2023-11-06 22:53:30	CET	20.84	35.95	422.81	20.71	20.42	22.33	20.11	20.17	20.49	20.71	60.00	33934	1	10.17	0.53	1.12
2023-11-06 22:53:32	CET	20.87	35.94	422.96	20.73	20.42	22.35	20.17	20.17	20.55	20.73	60.00	33935	1	10.12	0.44	1.15
2023-11-06 22:53:33	CET	20.87	35.98	422.83	20.71	20.39	22.32	20.15	20.17	20.49	20.73	60.00	33936	1	10.10	0.45	1.12
2023-11-06 22:53:34	CET	20.86	35.96	422.78	20.70	20.37	22.30	20.11	20.15	20.50	20.76	60.00	33937	1	10.09	0.43	1.05
2023-11-06 22:53:36	CET	20.84	35.98	422.69	20.68	20.33	22.34	20.15	20.17	20.45	20.67	60.00	33938	1	10.07	0.45	1.07
2023-11-06 22:53:37	CET	20.86	35.95	422.66	20.68	20.31	22.31	20.09	20.15	20.51	20.70	60.00	33939	1	10.12	0.44	0.99
2023-11-06 22:53:39	CET	20.84	35.98	422.72	20.69	20.37	22.29	20.09	20.17	20.55	20.67	60.00	33940	1	10.20	0.42	1.11
2023-11-06 22:53:40	CET	20.85	36.00	422.71	20.69	20.33	22.29	20.11	20.17	20.55	20.67	60.00	33941	1	10.22	0.50	1.15
2023-11-06 22:53:41	CET	20.83	36.02	422.69	20.68	20.39	22.29	20.11	20.21	20.45	20.65	60.00	33942	1	10.12	0.49	1.11
2023-11-06 22:53:43	CET	20.84	36.03	422.74	20.69	20.39	22.35	20.11	20.15	20.51	20.65	60.00	33943	1	10.13	0.49	1.07
2023-11-06 22:53:44	CET	20.82	36.04	422.80	20.70	20.37	22.35	20.15	20.15	20.49	20.71	60.00	33944	1	10.10	0.47	1.09
2023-11-06 22:53:45	CET	20.83	36.03	422.66	20.68	20.27	22.37	20.15	20.11	20.47	20.71	60.00	33945	1	10.11	0.44	1.04
2023-11-06 22:53:47	CET	20.82	36.05	422.71	20.69	20.31	22.35	20.15	20.15	20.50	20.67	60.00	33946	1	10.21	0.35	0.99
2023-11-06 22:53:48	CET	20.83	36.01	422.60	20.67	20.36	22.29	20.11	20.15	20.55	20.55	60.00	33947	1	10.13	0.39	1.04
2023-11-06 22:53:49	CET	20.83	36.07	422.61	20.67	20.33	22.25	20.09	20.15	20.49	20.71	60.00	33948	1	10.10	0.53	0.91
2023-11-06 22:53:51	CET	20.84	36.10	422.71	20.69	20.34	22.35	20.09	20.17	20.49	20.68	60.00	33949	1	10.12	0.47	1.07
2023-11-06 22:53:52	CET	20.82	36.05	422.79	20.70	20.33	22.35	20.11	20.15	20.55	20.71	60.00	33950	1	10.10	0.47	1.05
2023-11-06 22:53:54	CET	20.81	36.02	422.73	20.69	20.37	22.31	20.15	20.13	20.51	20.67	60.00	33951	1	10.10	0.41	1.14
2023-11-06 22:53:55	CET	20.82	36.04	422.82	20.71	20.39	22.37	20.17	20.17	20.49	20.65	60.00	33952	1	10.13	0.42	1.34
2023-11-06 22:53:56	CET	20.83	36.02	422.78	20.70	20.33	22.35	20.17	20.15	20.49	20.71	60.00	33953	1	10.05	0.43	1.23
2023-11-06 22:53:58	CET	20.84	36.06	422.86	20.71	20.37	22.35	20.21	20.15	20.50	20.71	60.00	33954	1	9.96	0.51	1.11
2023-11-06 22:53:59	CET	20.84	36.02	422.74	20.69	20.33	22.35	20.17	20.09	20.51	20.71	60.00	33955	1	10.10	0.51	1.12
2023-11-06 22:54:00	CET	20.87	35.98	422.74	20.69	20.33	22.35	20.11	20.15	20.55	20.67	60.00	33956	1	10.03	0.40	0.92
2023-11-06 22:54:02	CET	20.87	35.98	422.63	20.67	20.33	22.31	20.15	20.09	20.51	20.65	60.00	33957	1	10.09	0.43	0.98
2023-11-06 22:54:03	CET	20.86	36.00	422.74	20.69	20.37	22.35	20.11	20.05	20.55	20.73	60.00	33958	1	10.08	0.46	1.05
2023-11-06 22:54:04	CET	20.87	36.02	422.69	20.68	20.33	22.35	20.15	20.09	20.51	20.67	60.00	33959	1	10.09	0.48	1.03
2023-11-06 22:54:06	CET	20.86	36.00	422.74	20.69	20.31	22.35	20.21	20.09	20.55	20.65	60.00	33960	1	10.13	0.51	1.46
2023-11-06 22:54:07	CET	20.86	35.97	422.83	20.71	20.37	22.35	20.17	20.11	20.52	20.74	60.00	33961	1	10.05	0.51	1.21
2023-11-06 22:54:09	CET	20.86	35.97	422.93	20.73	20.33	22.37	20.17	20.15	20.56	20.77	60.00	33962	1	9.93	0.57	1.28
2023-11-06 22:54:10	CET	20.84	35.95	422.76	20.70	20.33	22.35	20.09	20.12	20.51	20.77	60.00	33963	1	10.02	0.50	1.19
2023-11-06 22:54:11	CET	20.85	35.95	422.85	20.71	20.39	22.37	20.17	20.15	20.49	20.71	60.00	33964	1	10.01	0.42	1.27
2023-11-06 22:54:13	CET	20.86	35.95	422.76	20.70	20.33	22.35	20.17	20.11	20.55	20.67	60.00	33965	1	10.01	0.45	1.14
2023-11-06 22:54:14	CET	20.87	35.96	422.72	20.69	20.33	22.35	20.17	20.11	20.51	20.67	60.00	33966	1	10.05	0.42	1.08
2023-11-06 22:54:15	CET	20.87	35.96	422.80	20.70	20.37	22.41	20.17	20.09	20.45	20.73	60.00	33967	1	10.07	0.47	1.06
2023-11-06 22:54:17	CET	20.89	35.98	422.84	20.71	20.33	22.47	20.17	20.05	20.51	20.73	60.00	33968	1	10.06	0.41	1.25
2023-11-06 22:54:18	CET	20.90	35.97	422.76	20.70	20.31	22.41	20.15	20.05	20.49	20.77	60.00	33969	1	10.07	0.44	1.02
2023-11-06 22:54:20	CET	20.88	35.94	422.98	20.73	20.43	22.41	20.21	20.09	20.53	20.73	60.00	33970	1	10.08	0.42	1.16
2023-11-06 22:54:21	CET	20.84	35.91	422.69	20.68	20.31	22.31	20.15	20.11	20.51	20.71	60.00	33971	1	10.09	0.45	1.15
2023-11-06 22:54:22	CET	20.84	35.94	422.62	20.67	20.31	22.31	20.09	20.17	20.49	20.66	60.00	33972	1	10.12	0.46	1.11
2023-11-06 22:54:24	CET	20.81	35.99	422.73	20.69	20.37	22.31	20.11	20.15	20.55	20.65	60.00	33973	1	10.10	0.47	1.07
2023-11-06 22:54:25	CET	20.82	35.99	422.71	20.69	20.33	22.31	20.15	20.13	20.55	20.65	60.00	33974	1	10.10	0.46	1.03
2023-11-06 22:54:26	CET	20.84	36.03	422.76	20.70	20.37	22.31	20.11	20.12	20.55	20.71	60.00	33975	1	9.97	0.36	0.94
2023-11-06 22:54:28	CET	20.84	36.03	422.82	20.71	20.39	22.37	20.17	20.11	20.59	20.61	60.00	33976	1	10.16	0.37	0.95
2023-11-06 22:54:29	CET	20.82	36.06	422.74	20.69	20.32	22.29	20.21	20.15	20.45	20.73	60.00	33977	1	10.12	0.41	1.06
2023-11-06 22:54:30	CET	20.83	36.02	422.84	20.71	20.33	22.29	20.21	20.11	20.55	20.77	60.00	33978	1	10.17	0.46	1.03
2023-11-06 22:54:32	CET	20.83	36.02	422.90	20.72	20.37	22.37	20.21	20.09	20.56	20.73	60.00	33979	1	10.11	0.46	1.01
2023-11-06 22:54:33	CET	20.82	36.07	422.74	20.69	20.37	22.31	20.17	20.09	20.51	20.71	60.00	33980	1	10.08	0.42	1.01
2023-11-06 22:54:35	CET	20.81	35.99	422.78	20.70	20.39	22.35	20.15	20.09	20.49	20.73	60.00	33981	1	10.08	0.44	1.03
2023-11-06 22:54:36	CET	20.82	36.01	422.69	20.68	20.37	22.31	20.11	20.09	20.51	20.71	60.00	33982	1	10.10	0.43	1.23
2023-11-06 22:54:37	CET	20.82	36.05	422.74	20.69	20.33	22.35	20.11	20.09	20.49	20.78	60.00	33983	1	10.09	0.42	1.29
2023-11-06 22:54:39	CET	20.78	36.05	422.53	20.66	20.23	22.31	20.11	20.11	20.45	20.73	60.00	33984	1	9.95	0.49	0.94
2023-11-06 22:54:40	CET	20.79	36.07	422.72	20.69	20.27	22.35	20.21	20.15	20.43	20.73	60.00	33985	1	10.03	0.51	0.99
2023-11-06 22:54:41	CET	20.80	36.08	422.71	20.69	20.31	22.31	20.15	20.16	20.47	20.73	60.00	33986	1	10.04	0.50	1.01
2023-11-06 22:54:43	CET	20.76	36.13	422.84	20.71	20.37	22.37	20.15	20.15	20.51	20.71	60.00	33987	1	10.06	0.48	1.04
2023-11-06 22:54:44	CET	20.78	36.10	422.84	20.71	20.37	22.31	20.21	20.15	20.51	20.71	60.00	33988	1	10.10	0.47	1.03
2023-11-06 22:54:45	CET	20.80	36.09	422.84	20.71	20.33	22.35	20.15	20.21	20.51	20.71	60.00	33989	1	10.10	0.40	1.30
2023-11-06 22:54:47	CET	20.81	36.10	422.77	20.70	20.33	22.35	20.15	20.15	20.49	20.71	60.00	33990	1	9.99	0.42	1.18
2023-11-06 22:54:48	CET	20.83	36.07	422.80	20.70	20.35	22.37	20.11	20.15	20.51	20.73	60.00	33991	1	10.19	0.42	0.83
2023-11-06 22:54:50	CET	20.82	36.09	422.77	20.70	20.34	22.35	20.09	20.09	20.59	20.73	60.00	33992	1	10.16	0.42	0.94
2023-11-06 22:54:51	CET	20.82	36.03	422.72	20.69	20.36	22.37	20.17	20.09	20.43	20.71	60.00	33993	1	10.02	0.49	1.05
2023-11-06 22:54:52	CET	20.80	36.10	422.86	20.71	20.37	22.41	20.11	20.15	20.51	20.73	60.00	33994	1	10.05	0.44	1.06
2023-11-06 22:54:54	CET	20.81	36.05	422.73	20.69	20.27	22.35	20.11	20.15	20.50	20.77	60.00	33995	1	10.09	0.47	1.08
2023-11-06 22:54:55	CET	20.78	36.08	422.69	20.68	20.37	22.41	20.09	20.05	20.45	20.73	60.00	33996	1	10.09	0.47	1.09
2023-11-06 22:54:56	CET	20.79	36.08	422.65	20.68	20.37	22.37	20.15	20.01	20.45	20.71	60.00	33997	1	10.07	0.56	0.71
2023-11-06 22:54:58	CET	20.78	36.17	422.67	20.68	20.37	22.37	20.15	20.03	20.49	20.67	60.00	33998	1	10.11	0.39	1.11
2023-11-06 22:54:59	CET	20.78	36.08	422.59	20.67	20.33	22.37	20.09	20.01	20.49	20.71	60.00	33999	1	10.10	0.35	1.12
2023-11-06 22:55:01	CET	20.78	36.14	422.76	20.70	20.37	22.43	20.11	20.11	20.51	20.65	60.00	34000	1	10.09	0.36	1.10
2023-11-06 22:55:02	CET	20.80	36.15	422.69	20.68	20.37	22.37	20.09	20.05	20.51	20.71	60.00	34001	1	10.09	0.43	1.07
2023-11-06 22:55:03	CET	20.78	36.15	422.63	20.67	20.37	22.37	20.09	20.01	20.49	20.71	60.00	34002	1	10.12	0.40	1.05
2023-11-06 22:55:05	CET	20.79	36.12	422.60	20.67	20.33	22.41	20.09	20.01	20.50	20.67	60.00	34003	1	10.12	0.46	1.06
2023-11-06 22:55:06	CET	20.78	36.16	422.67	20.68	20.33	22.37	20.21	20.01	20.45	20.71	60.00	34004	1	10.03	0.45	0.85
2023-11-06 22:55:07	CET	20.78	36.09	422.54	20.66	20.31	22.41	20.09	20.01	20.45	20.68	60.00	34005	1	10.04	0.44	1.21
2023-11-06 22:55:09	CET	20.74	36.15	422.69	20.68	20.28	22.40	20.11	20.01	20.51	20.79	60.00	34006	1	10.17	0.43	1.03
2023-11-06 22:55:10	CET	20.75	36.15	422.70	20.69	20.28	22.40	20.11	20.05	20.55	20.73	60.00	34007	1	10.19	0.50	1.07
2023-11-06 22:55:11	CET	20.75	36.17	422.71	20.69	20.31	22.41	20.11	20.05	20.51	20.73	60.00	34008	1	10.13	0.51	1.02
2023-11-06 22:55:13	CET	20.75	36.15	422.71	20.69	20.31	22.37	20.17	20.02	20.59	20.67	60.00	34009	1	10.15	0.46	0.91
2023-11-06 22:55:14	CET	20.76	36.14	422.71	20.69	20.31	22.36	20.17	20.09	20.49	20.71	60.00	34010	1	10.15	0.43	0.84
2023-11-06 22:55:16	CET	20.73	36.20	422.63	20.67	20.31	22.36	20.11	20.10	20.45	20.71	60.00	34011	1	10.12	0.48	0.99
2023-11-06 22:55:17	CET	20.74	36.20	422.64	20.68	20.37	22.33	20.11	20.09	20.54	20.61	60.00	34012	1	10.00	0.52	1.15
2023-11-06 22:55:18	CET	20.74	36.20	422.56	20.66	20.33	22.30	20.15	20.11	20.49	20.59	60.00	34013	1	10.00	0.40	1.03
2023-11-06 22:55:20	CET	20.72	36.20	422.53	20.66	20.31	22.26	20.11	20.09	20.49	20.67	60.00	34014	1	10.02	0.31	0.93
2023-11-06 22:55:21	CET	20.72	36.19	422.76	20.70	20.31	22.35	20.17	20.09	20.55	20.71	60.00	34015	1	10.07	0.40	1.01
2023-11-06 22:55:22	CET	20.77	36.26	422.82	20.71	20.37	22.35	20.15	20.09	20.55	20.73	60.00	34016	1	10.08	0.44	1.03
2023-11-06 22:55:24	CET	20.75	36.21	422.68	20.68	20.33	22.35	20.11	20.09	20.49	20.72	60.00	34017	1	10.09	0.46	1.05
2023-11-06 22:55:25	CET	20.76	36.17	422.64	20.68	20.37	22.34	20.17	20.05	20.45	20.67	60.00	34018	1	10.12	0.47	1.02
2023-11-06 22:55:26	CET	20.76	36.19	422.77	20.70	20.39	22.31	20.17	20.05	20.50	20.77	60.00	34019	1	10.13	0.43	0.84
2023-11-06 22:55:28	CET	20.79	36.18	422.70	20.69	20.33	22.37	20.15	20.11	20.44	20.71	60.00	34020	1	9.98	0.44	0.86
2023-11-06 22:55:29	CET	20.82	36.11	422.65	20.68	20.33	22.29	20.17	20.11	20.45	20.71	60.00	34021	1	10.04	0.49	0.97
2023-11-06 22:55:31	CET	20.82	36.17	422.63	20.67	20.33	22.31	20.15	20.11	20.49	20.65	60.00	34022	1	9.99	0.48	0.81
2023-11-06 22:55:32	CET	20.82	36.06	422.76	20.70	20.33	22.29	20.15	20.15	20.55	20.71	60.00	34023	1	10.06	0.49	0.96
2023-11-06 22:55:33	CET	20.80	36.07	422.78	20.70	20.37	22.25	20.17	20.15	20.49	20.77	60.00	34024	1	10.07	0.48	1.00
2023-11-06 22:55:35	CET	20.82	36.08	422.78	20.70	20.33	22.29	20.17	20.15	20.55	20.71	60.00	34025	1	10.09	0.43	1.07
2023-11-06 22:55:36	CET	20.82	36.10	422.71	20.69	20.31	22.29	20.21	20.09	20.51	20.71	60.00	34026	1	10.00	0.41	0.91
2023-11-06 22:55:37	CET	20.82	36.04	422.85	20.71	20.37	22.31	20.21	20.15	20.56	20.67	60.00	34027	1	10.09	0.44	1.13
2023-11-06 22:55:39	CET	20.82	36.07	422.78	20.70	20.33	22.31	20.17	20.15	20.52	20.72	60.00	34028	1	10.00	0.55	1.23
2023-11-06 22:55:40	CET	20.82	36.06	422.80	20.70	20.39	22.35	20.21	20.11	20.49	20.66	60.00	34029	1	10.03	0.51	1.15
2023-11-06 22:55:42	CET	20.84	36.03	422.84	20.71	20.37	22.31	20.15	20.15	20.51	20.77	60.00	34030	1	10.06	0.53	1.08
2023-11-06 22:55:43	CET	20.82	36.06	422.65	20.68	20.33	22.31	20.09	20.11	20.51	20.71	60.00	34031	1	10.07	0.51	1.08
2023-11-06 22:55:44	CET	20.84	36.05	422.55	20.66	20.33	22.31	20.05	20.05	20.49	20.73	60.00	34032	1	10.11	0.46	1.07
2023-11-06 22:55:46	CET	20.86	36.01	422.62	20.67	20.37	22.31	20.11	20.08	20.49	20.67	60.00	34033	1	10.18	0.43	1.08
2023-11-06 22:55:47	CET	20.84	36.01	422.63	20.67	20.33	22.35	20.17	20.07	20.45	20.67	60.00	34034	1	10.19	0.48	1.03
2023-11-06 22:55:48	CET	20.84	36.04	422.79	20.70	20.33	22.41	20.21	20.08	20.45	20.73	60.00	34035	1	10.18	0.49	1.28
2023-11-06 22:55:50	CET	20.82	36.04	422.86	20.71	20.37	22.31	20.15	20.15	20.49	20.81	60.00	34036	1	10.15	0.46	1.04
2023-11-06 22:55:51	CET	20.84	36.06	422.76	20.70	20.39	22.29	20.15	20.11	20.43	20.81	60.00	34037	1	10.14	0.45	1.00
2023-11-06 22:55:52	CET	20.84	35.99	422.71	20.69	20.33	22.35	20.17	20.11	20.45	20.71	60.00	34038	1	10.08	0.44	0.91
2023-11-06 22:55:54	CET	20.84	36.01	422.59	20.67	20.33	22.35	20.15	19.99	20.49	20.69	60.00	34039	1	10.11	0.49	1.36
2023-11-06 22:55:55	CET	20.83	35.99	422.67	20.68	20.33	22.31	20.11	20.09	20.51	20.73	60.00	34040	1	10.10	0.48	1.21
2023-11-06 22:55:57	CET	20.84	35.96	422.78	20.70	20.33	22.35	20.21	20.09	20.49	20.73	60.00	34041	1	10.22	0.44	1.02
2023-11-06 22:55:58	CET	20.84	35.96	422.71	20.69	20.37	22.29	20.21	20.05	20.43	20.77	60.00	34042	1	9.96	0.45	1.03
2023-11-06 22:55:59	CET	20.84	36.02	422.86	20.71	20.33	22.35	20.17	20.17	20.49	20.77	60.00	34043	1	10.09	0.41	1.07
2023-11-06 22:56:01	CET	20.83	36.00	422.79	20.70	20.37	22.35	20.15	20.17	20.43	20.73	60.00	34044	1	10.11	0.43	1.10
2023-11-06 22:56:02	CET	20.84	36.00	422.74	20.69	20.37	22.31	20.15	20.11	20.49	20.73	60.00	34045	1	10.10	0.45	1.09
2023-11-06 22:56:03	CET	20.82	35.97	422.73	20.69	20.33	22.31	20.17	20.13	20.49	20.71	60.00	34046	1	10.11	0.44	1.06
2023-11-06 22:56:05	CET	20.84	36.03	422.78	20.70	20.33	22.35	20.17	20.09	20.49	20.77	60.00	34047	1	10.21	0.54	0.99
2023-11-06 22:56:06	CET	20.84	35.99	422.90	20.72	20.33	22.37	20.21	20.15	20.49	20.77	60.00	34048	1	10.17	0.53	1.16
2023-11-06 22:56:07	CET	20.84	36.01	422.76	20.70	20.33	22.35	20.21	20.11	20.45	20.73	60.00	34049	1	10.18	0.52	1.02
2023-11-06 22:56:09	CET	20.86	35.95	422.71	20.69	20.33	22.35	20.15	20.11	20.49	20.70	60.00	34050	1	10.14	0.50	1.04
2023-11-06 22:56:10	CET	20.88	35.97	422.70	20.69	20.41	22.31	20.15	20.15	20.43	20.66	60.00	34051	1	10.01	0.53	1.06
2023-11-06 22:56:12	CET	20.88	35.98	422.75	20.69	20.38	22.35	20.17	20.11	20.45	20.71	60.00	34052	1	10.04	0.48	1.03
2023-11-06 22:56:13	CET	20.87	35.95	422.67	20.68	20.40	22.23	20.15	20.05	20.55	20.71	60.00	34053	1	10.05	0.47	1.09
2023-11-06 22:56:14	CET	20.87	35.92	422.63	20.67	20.37	22.23	20.15	20.09	20.49	20.71	60.00	34054	1	10.08	0.46	1.17
2023-11-06 22:56:16	CET	20.87	35.97	422.72	20.69	20.37	22.35	20.15	20.11	20.51	20.65	60.00	34055	1	10.13	0.52	1.22
2023-11-06 22:56:17	CET	20.87	35.95	422.55	20.66	20.33	22.25	20.09	20.17	20.51	20.61	60.00	34056	1	10.10	0.46	1.17
2023-11-06 22:56:18	CET	20.85	35.94	422.72	20.69	20.37	22.29	20.11	20.18	20.51	20.67	60.00	34057	1	10.15	0.46	1.22
2023-11-06 22:56:20	CET	20.87	35.93	422.81	20.70	20.37	22.35	20.10	20.19	20.51	20.71	60.00	34058	1	10.11	0.46	1.15
2023-11-06 22:56:21	CET	20.87	35.94	422.83	20.71	20.37	22.35	20.15	20.17	20.48	20.73	60.00	34059	1	10.12	0.46	1.09
2023-11-06 22:56:23	CET	20.87	35.94	422.76	20.70	20.37	22.41	20.11	20.15	20.47	20.67	60.00	34060	1	10.11	0.48	1.09
2023-11-06 22:56:24	CET	20.89	35.95	422.84	20.71	20.37	22.35	20.17	20.15	20.51	20.71	60.00	34061	1	10.12	0.44	1.08
2023-11-06 22:56:25	CET	20.89	35.93	422.74	20.69	20.39	22.35	20.12	20.09	20.49	20.72	60.00	34062	1	10.02	0.47	0.86
2023-11-06 22:56:27	CET	20.92	35.89	422.76	20.70	20.37	22.35	20.17	20.09	20.49	20.71	60.00	34063	1	10.04	0.41	0.92
2023-11-06 22:56:28	CET	20.90	35.90	422.59	20.67	20.39	22.35	20.21	20.05	20.39	20.61	60.00	34064	1	9.95	0.35	0.72
2023-11-06 22:56:29	CET	20.91	35.91	422.64	20.67	20.37	22.37	20.10	20.11	20.45	20.65	60.00	34065	1	10.06	0.37	0.76
2023-11-06 22:56:31	CET	20.91	35.87	422.68	20.68	20.35	22.31	20.16	20.09	20.51	20.67	60.00	34066	1	10.09	0.41	0.92
2023-11-06 22:56:32	CET	20.93	35.92	422.73	20.69	20.37	22.35	20.16	20.05	20.50	20.71	60.00	34067	1	10.12	0.48	1.06
2023-11-06 22:56:33	CET	20.91	35.90	422.84	20.71	20.43	22.35	20.22	20.09	20.47	20.71	60.00	34068	1	10.11	0.55	1.14
2023-11-06 22:56:35	CET	20.90	35.86	422.76	20.70	20.39	22.31	20.16	20.10	20.49	20.73	60.00	34069	1	10.08	0.46	1.07
2023-11-06 22:56:36	CET	20.91	35.87	422.79	20.70	20.31	22.35	20.20	20.07	20.51	20.77	60.00	34070	1	10.15	0.42	1.03
2023-11-06 22:56:38	CET	20.87	35.88	422.80	20.70	20.37	22.25	20.17	20.11	20.55	20.77	60.00	34071	1	10.04	0.48	0.96
2023-11-06 22:56:39	CET	20.87	35.91	422.67	20.68	20.33	22.25	20.09	20.15	20.59	20.67	60.00	34072	1	9.95	0.42	0.98
2023-11-06 22:56:40	CET	20.86	35.90	422.58	20.66	20.33	22.23	20.05	20.17	20.51	20.70	60.00	34073	1	10.02	0.44	1.05
2023-11-06 22:56:42	CET	20.83	35.93	422.68	20.68	20.31	22.29	20.11	20.21	20.51	20.67	60.00	34074	1	10.05	0.44	1.00
2023-11-06 22:56:43	CET	20.85	35.95	422.67	20.68	20.33	22.34	20.15	20.11	20.48	20.67	60.00	34075	1	10.08	0.45	1.00
2023-11-06 22:56:44	CET	20.85	35.93	422.65	20.68	20.33	22.37	20.11	20.05	20.53	20.67	60.00	34076	1	10.11	0.46	1.01
2023-11-06 22:56:46	CET	20.86	35.97	422.70	20.68	20.37	22.32	20.17	20.05	20.49	20.71	60.00	34077	1	10.09	0.40	1.18
2023-11-06 22:56:47	CET	20.84	35.91	422.65	20.68	20.33	22.31	20.11	20.09	20.51	20.71	60.00	34078	1	9.99	0.43	1.03
2023-11-06 22:56:48	CET	20.84	35.94	422.73	20.69	20.33	22.34	20.15	20.11	20.55	20.67	60.00	34079	1	10.05	0.43	1.04
2023-11-06 22:56:50	CET	20.86	35.95	422.62	20.67	20.34	22.30	20.15	20.09	20.45	20.71	60.00	34080	1	10.04	0.44	1.20
2023-11-06 22:56:51	CET	20.85	35.96	422.77	20.70	20.38	22.35	20.17	20.09	20.49	20.71	60.00	34081	1	10.08	0.44	1.14
2023-11-06 22:56:53	CET	20.88	35.95	422.57	20.66	20.40	22.36	20.05	20.02	20.43	20.71	60.00	34082	1	10.12	0.44	1.12
2023-11-06 22:56:54	CET	20.84	35.95	422.56	20.66	20.33	22.36	20.15	20.01	20.45	20.67	60.00	34083	1	10.23	0.49	1.18
2023-11-06 22:56:55	CET	20.87	35.96	422.68	20.68	20.39	22.36	20.21	19.99	20.49	20.65	60.00	34084	1	10.07	0.44	1.15
2023-11-06 22:56:57	CET	20.87	35.95	422.71	20.69	20.37	22.39	20.17	20.05	20.39	20.75	60.00	34085	1	9.97	0.41	0.88
2023-11-06 22:56:58	CET	20.86	35.94	422.95	20.73	20.37	22.41	20.21	20.09	20.49	20.80	60.00	34086	1	10.10	0.46	0.78
2023-11-06 22:56:59	CET	20.89	35.88	422.89	20.72	20.37	22.41	20.21	20.11	20.49	20.73	60.00	34087	1	10.09	0.49	0.96
2023-11-06 22:57:01	CET	20.89	35.91	422.88	20.72	20.33	22.36	20.15	20.15	20.55	20.77	60.00	34088	1	10.10	0.45	1.03
2023-11-06 22:57:02	CET	20.91	35.91	422.83	20.71	20.45	22.40	20.09	20.11	20.49	20.71	60.00	34089	1	10.10	0.41	1.12
2023-11-06 22:57:04	CET	20.90	35.91	422.77	20.70	20.45	22.37	20.09	20.05	20.49	20.73	60.00	34090	1	10.11	0.43	1.06
2023-11-06 22:57:05	CET	20.91	35.90	422.76	20.70	20.37	22.43	20.15	20.01	20.51	20.71	60.00	34091	1	10.04	0.39	0.91
2023-11-06 22:57:06	CET	20.94	35.85	422.69	20.68	20.37	22.43	20.11	20.01	20.54	20.65	60.00	34092	1	10.13	0.42	0.93
2023-11-06 22:57:08	CET	20.93	35.87	422.49	20.65	20.37	22.42	20.05	19.89	20.49	20.67	60.00	34093	1	10.08	0.49	0.84
2023-11-06 22:57:09	CET	20.91	35.84	422.60	20.67	20.33	22.41	20.05	20.00	20.51	20.71	60.00	34094	1	10.09	0.52	1.06
2023-11-06 22:57:10	CET	20.91	35.86	422.76	20.70	20.38	22.37	20.11	20.04	20.51	20.76	60.00	34095	1	10.08	0.47	1.08
2023-11-06 22:57:12	CET	20.92	35.83	422.69	20.68	20.32	22.41	20.11	20.01	20.49	20.76	60.00	34096	1	10.04	0.44	1.03
2023-11-06 22:57:13	CET	20.90	35.81	422.59	20.67	20.32	22.41	20.09	20.01	20.49	20.68	60.00	34097	1	10.04	0.50	1.30
2023-11-06 22:57:14	CET	20.94	35.82	422.67	20.68	20.33	22.31	20.09	20.05	20.49	20.81	60.00	34098	1	9.97	0.42	1.13
2023-11-06 22:57:16	CET	20.93	35.79	422.60	20.67	20.33	22.25	20.17	20.11	20.44	20.71	60.00	34099	1	10.05	0.45	1.37
2023-11-06 22:57:17	CET	20.91	35.83	422.62	20.67	20.39	22.29	20.09	20.15	20.44	20.67	60.00	34100	1	10.04	0.48	1.28
2023-11-06 22:57:19	CET	20.93	35.85	422.57	20.66	20.31	22.35	20.11	20.11	20.45	20.65	60.00	34101	1	10.24	0.47	1.35
2023-11-06 22:57:20	CET	20.94	35.86	422.65	20.68	20.39	22.35	20.15	20.09	20.43	20.65	60.00	34102	1	10.16	0.51	1.21
2023-11-06 22:57:21	CET	20.92	35.84	422.57	20.66	20.39	22.29	20.15	20.05	20.43	20.67	60.00	34103	1	10.12	0.46	1.13
2023-11-06 22:57:23	CET	20.92	35.83	422.59	20.67	20.37	22.31	20.15	20.01	20.45	20.71	60.00	34104	1	10.10	0.45	1.06
2023-11-06 22:57:24	CET	20.93	35.83	422.51	20.65	20.39	22.35	20.01	20.00	20.45	20.71	60.00	34105	1	10.28	0.46	0.72
2023-11-06 22:57:25	CET	20.92	35.83	422.41	20.63	20.37	22.31	20.09	20.00	20.39	20.65	60.00	34106	1	10.16	0.42	1.12
2023-11-06 22:57:27	CET	20.93	35.80	422.58	20.66	20.39	22.35	20.11	20.02	20.45	20.66	60.00	34107	1	10.11	0.46	1.13
2023-11-06 22:57:28	CET	20.94	35.83	422.46	20.64	20.39	22.29	20.09	19.99	20.47	20.62	60.00	34108	1	10.10	0.45	1.09
2023-11-06 22:57:29	CET	20.92	35.83	422.79	20.70	20.42	22.35	20.17	20.05	20.51	20.71	60.00	34109	1	10.07	0.47	1.17
2023-11-06 22:57:31	CET	20.95	35.82	422.67	20.68	20.41	22.35	20.15	20.01	20.51	20.65	60.00	34110	1	10.09	0.49	1.11
2023-11-06 22:57:32	CET	20.91	35.82	422.65	20.68	20.39	22.35	20.17	20.01	20.43	20.71	60.00	34111	1	10.10	0.47	1.08
2023-11-06 22:57:34	CET	20.93	35.87	422.57	20.66	20.39	22.25	20.17	20.01	20.43	20.73	60.00	34112	1	9.98	0.41	1.15
2023-11-06 22:57:35	CET	20.91	35.79	422.67	20.68	20.37	22.35	20.11	20.09	20.43	20.73	60.00	34113	1	10.04	0.32	0.99
2023-11-06 22:57:36	CET	20.93	35.83	422.71	20.69	20.43	22.31	20.11	20.11	20.43	20.73	60.00	34114	1	10.11	0.39	1.05
2023-11-06 22:57:38	CET	20.93	35.87	422.50	20.65	20.37	22.31	20.11	20.05	20.39	20.67	60.00	34115	1	10.17	0.40	1.08
2023-11-06 22:57:39	CET	20.90	35.86	422.51	20.65	20.33	22.31	20.11	20.05	20.45	20.67	60.00	34116	1	10.16	0.45	1.08
2023-11-06 22:57:40	CET	20.90	35.88	422.76	20.70	20.37	22.31	20.17	20.05	20.51	20.77	60.00	34117	1	10.09	0.44	1.02
2023-11-06 22:57:42	CET	20.90	35.83	422.68	20.68	20.37	22.35	20.11	20.08	20.45	20.73	60.00	34118	1	10.08	0.44	1.06
2023-11-06 22:57:43	CET	20.90	35.87	422.69	20.68	20.33	22.35	20.15	20.07	20.49	20.72	60.00	34119	1	10.08	0.43	1.02
2023-11-06 22:57:45	CET	20.91	35.88	422.72	20.69	20.37	22.35	20.11	20.10	20.49	20.71	60.00	34120	1	10.23	0.36	1.15
2023-11-06 22:57:46	CET	20.90	35.84	422.72	20.69	20.37	22.35	20.15	20.01	20.49	20.77	60.00	34121	1	10.08	0.43	0.99
2023-11-06 22:57:47	CET	20.89	35.84	422.59	20.67	20.39	22.31	20.11	20.09	20.39	20.71	60.00	34122	1	10.07	0.51	0.71
2023-11-06 22:57:49	CET	20.88	35.88	422.76	20.70	20.37	22.35	20.21	20.05	20.49	20.71	60.00	34123	1	10.01	0.46	0.73
2023-11-06 22:57:50	CET	20.91	35.89	422.73	20.69	20.39	22.31	20.17	20.09	20.47	20.71	60.00	34124	1	10.06	0.46	0.84
2023-11-06 22:57:51	CET	20.90	35.87	422.87	20.72	20.38	22.31	20.23	20.11	20.49	20.77	60.00	34125	1	10.21	0.43	0.93
2023-11-06 22:57:53	CET	20.89	35.87	422.84	20.71	20.37	22.35	20.23	20.09	20.45	20.77	60.00	34126	1	10.15	0.48	1.08
2023-11-06 22:57:54	CET	20.89	35.83	422.76	20.70	20.33	22.37	20.21	20.05	20.45	20.77	60.00	34127	1	10.04	0.44	1.04
2023-11-06 22:57:55	CET	20.91	35.87	422.84	20.71	20.31	22.35	20.23	20.11	20.45	20.81	60.00	34128	1	9.99	0.39	1.25
2023-11-06 22:57:57	CET	20.90	35.88	422.74	20.69	20.37	22.31	20.17	20.15	20.45	20.71	60.00	34129	1	9.99	0.45	1.22
2023-11-06 22:57:58	CET	20.90	35.91	422.68	20.68	20.39	22.25	20.11	20.17	20.51	20.66	60.00	34130	1	10.00	0.51	1.10
2023-11-06 22:58:00	CET	20.86	35.89	422.58	20.67	20.37	22.29	20.15	20.12	20.45	20.61	60.00	34131	1	10.03	0.50	1.10
2023-11-06 22:58:01	CET	20.84	35.89	422.68	20.68	20.39	22.29	20.09	20.16	20.52	20.65	60.00	34132	1	10.07	0.50	1.09
2023-11-06 22:58:02	CET	20.82	35.91	422.65	20.68	20.43	22.29	20.11	20.15	20.43	20.65	60.00	34133	1	10.10	0.44	1.09
2023-11-06 22:58:04	CET	20.86	35.92	422.78	20.70	20.43	22.29	20.17	20.17	20.49	20.65	60.00	34134	1	9.94	0.47	1.01
2023-11-06 22:58:05	CET	20.83	35.96	422.88	20.72	20.43	22.31	20.15	20.17	20.51	20.73	60.00	34135	1	10.14	0.54	0.91
2023-11-06 22:58:06	CET	20.85	35.95	422.72	20.69	20.37	22.29	20.11	20.15	20.51	20.71	60.00	34136	1	10.04	0.49	0.98
2023-11-06 22:58:08	CET	20.84	35.97	422.67	20.68	20.34	22.29	20.05	20.09	20.51	20.81	60.00	34137	1	10.05	0.46	0.99
2023-11-06 22:58:09	CET	20.83	35.96	422.69	20.68	20.31	22.29	20.09	20.15	20.49	20.77	60.00	34138	1	10.12	0.48	1.16
2023-11-06 22:58:10	CET	20.84	35.97	422.53	20.66	20.32	22.29	20.09	20.11	20.48	20.65	60.00	34139	1	10.09	0.48	1.11
2023-11-06 22:58:12	CET	20.83	35.98	422.50	20.65	20.33	22.25	20.09	20.11	20.46	20.67	60.00	34140	1	10.11	0.48	1.10
2023-11-06 22:58:13	CET	20.82	35.99	422.62	20.67	20.31	22.29	20.15	20.11	20.51	20.66	60.00	34141	1	10.16	0.47	1.31
2023-11-06 22:58:15	CET	20.82	36.02	422.71	20.69	20.39	22.31	20.17	20.11	20.49	20.65	60.00	34142	1	10.18	0.50	1.18
2023-11-06 22:58:16	CET	20.83	36.01	422.63	20.67	20.37	22.29	20.11	20.11	20.51	20.65	60.00	34143	1	10.22	0.53	1.12
2023-11-06 22:58:17	CET	20.85	35.97	422.79	20.70	20.37	22.34	20.15	20.09	20.55	20.71	60.00	34144	1	10.18	0.50	0.85
2023-11-06 22:58:19	CET	20.84	36.03	422.68	20.68	20.33	22.36	20.15	20.06	20.51	20.67	60.00	34145	1	10.14	0.46	0.95
2023-11-06 22:58:20	CET	20.86	35.98	422.57	20.66	20.31	22.35	20.09	20.01	20.51	20.71	60.00	34146	1	10.10	0.48	1.04
2023-11-06 22:58:21	CET	20.86	35.95	422.74	20.69	20.37	22.41	20.15	20.05	20.45	20.73	60.00	34147	1	10.12	0.47	1.03
2023-11-06 22:58:23	CET	20.84	35.98	422.54	20.66	20.33	22.36	20.09	20.01	20.39	20.77	60.00	34148	1	10.09	0.46	1.05
2023-11-06 22:58:24	CET	20.89	35.95	422.74	20.69	20.37	22.33	20.09	20.11	20.49	20.77	60.00	34149	1	9.92	0.42	1.07
2023-11-06 22:58:26	CET	20.89	35.94	422.70	20.69	20.39	22.36	20.15	20.05	20.49	20.67	60.00	34150	1	10.00	0.45	1.16
2023-11-06 22:58:27	CET	20.86	35.94	422.72	20.69	20.33	22.37	20.15	20.09	20.49	20.71	60.00	34151	1	10.13	0.41	1.25
2023-11-06 22:58:28	CET	20.93	35.92	422.81	20.70	20.39	22.38	20.15	20.09	20.49	20.73	60.00	34152	1	10.16	0.41	1.17
2023-11-06 22:58:30	CET	20.93	35.89	422.73	20.69	20.38	22.39	20.17	20.05	20.43	20.72	60.00	34153	1	10.11	0.43	1.08
2023-11-06 22:58:31	CET	20.89	35.91	422.92	20.72	20.41	22.35	20.23	20.15	20.43	20.77	60.00	34154	1	10.13	0.39	1.07
2023-11-06 22:58:32	CET	20.91	35.90	422.78	20.70	20.33	22.36	20.15	20.09	20.50	20.77	60.00	34155	1	10.04	0.46	1.00
2023-11-06 22:58:34	CET	20.92	35.89	422.75	20.69	20.39	22.37	20.17	20.05	20.47	20.71	60.00	34156	1	10.20	0.46	1.20
2023-11-06 22:58:35	CET	20.93	35.88	422.76	20.70	20.37	22.41	20.11	20.07	20.49	20.73	60.00	34157	1	10.26	0.48	1.14
2023-11-06 22:58:36	CET	20.90	35.85	422.60	20.67	20.37	22.38	20.11	19.99	20.45	20.71	60.00	34158	1	10.01	0.48	1.27
2023-11-06 22:58:38	CET	20.89	35.87	422.65	20.68	20.37	22.41	20.15	19.99	20.49	20.65	60.00	34159	1	10.21	0.47	1.02
2023-11-06 22:58:39	CET	20.91	35.87	422.59	20.67	20.33	22.37	20.15	20.01	20.43	20.71	60.00	34160	1	10.16	0.48	1.05
2023-11-06 22:58:41	CET	20.88	35.89	422.59	20.67	20.33	22.41	20.09	19.99	20.45	20.73	60.00	34161	1	10.10	0.50	1.04
2023-11-06 22:58:42	CET	20.85	35.86	422.63	20.67	20.33	22.29	20.11	20.11	20.49	20.71	60.00	34162	1	10.12	0.48	1.03
2023-11-06 22:58:43	CET	20.84	35.88	422.61	20.67	20.37	22.29	20.17	20.11	20.46	20.62	60.00	34163	1	9.98	0.44	1.02
2023-11-06 22:58:45	CET	20.84	35.95	422.61	20.67	20.39	22.31	20.11	20.05	20.51	20.65	60.00	34164	1	9.93	0.46	0.77
2023-11-06 22:58:46	CET	20.83	35.95	422.58	20.66	20.39	22.29	20.09	20.11	20.49	20.62	60.00	34165	1	10.10	0.50	1.05
2023-11-06 22:58:47	CET	20.81	35.96	422.76	20.70	20.39	22.31	20.17	20.11	20.49	20.71	60.00	34166	1	10.08	0.49	1.08
2023-11-06 22:58:49	CET	20.83	35.97	422.77	20.70	20.42	22.31	20.15	20.11	20.55	20.65	60.00	34167	1	10.10	0.52	1.30
2023-11-06 22:58:50	CET	20.84	36.01	422.65	20.68	20.38	22.31	20.11	20.05	20.49	20.73	60.00	34168	1	10.07	0.49	1.20
2023-11-06 22:58:51	CET	20.85	36.01	422.67	20.68	20.37	22.29	20.17	20.09	20.49	20.67	60.00	34169	1	10.08	0.49	1.12
2023-11-06 22:58:53	CET	20.87	35.99	422.66	20.68	20.43	22.29	20.09	20.10	20.45	20.71	60.00	34170	1	10.18	0.50	0.86
2023-11-06 22:58:54	CET	20.82	36.01	422.60	20.67	20.37	22.25	20.15	20.12	20.45	20.67	60.00	34171	1	10.08	0.51	1.15
2023-11-06 22:58:56	CET	20.86	36.03	422.63	20.67	20.33	22.29	20.15	20.09	20.45	20.73	60.00	34172	1	10.03	0.46	1.19
2023-11-06 22:58:57	CET	20.86	36.03	422.74	20.69	20.31	22.31	20.23	20.15	20.43	20.73	60.00	34173	1	10.12	0.48	1.16
2023-11-06 22:58:58	CET	20.87	35.98	422.78	20.70	20.37	22.37	20.17	20.09	20.43	20.77	60.00	34174	1	10.11	0.45	1.12
2023-11-06 22:59:00	CET	20.88	36.02	422.72	20.69	20.37	22.35	20.17	20.01	20.49	20.74	60.00	34175	1	10.11	0.42	1.03
2023-11-06 22:59:01	CET	20.89	35.97	422.57	20.66	20.33	22.35	20.15	19.99	20.45	20.71	60.00	34176	1	10.21	0.46	1.04
2023-11-06 22:59:02	CET	20.88	35.95	422.59	20.67	20.33	22.37	20.09	20.01	20.49	20.71	60.00	34177	1	10.13	0.43	1.04
2023-11-06 22:59:04	CET	20.88	35.94	422.59	20.67	20.37	22.31	20.11	20.09	20.45	20.67	60.00	34178	1	10.15	0.45	0.98
2023-11-06 22:59:05	CET	20.89	35.94	422.56	20.66	20.37	22.35	20.09	19.99	20.46	20.71	60.00	34179	1	9.98	0.43	1.11
2023-11-06 22:59:07	CET	20.89	35.93	422.52	20.65	20.37	22.35	20.11	19.99	20.46	20.65	60.00	34180	1	10.14	0.43	1.14
2023-11-06 22:59:08	CET	20.89	35.96	422.61	20.67	20.31	22.37	20.17	19.99	20.51	20.67	60.00	34181	1	10.10	0.47	1.09
2023-11-06 22:59:09	CET	20.86	35.93	422.57	20.66	20.29	22.43	20.15	20.01	20.45	20.65	60.00	34182	1	10.10	0.44	1.10
2023-11-06 22:59:11	CET	20.84	35.94	422.63	20.67	20.32	22.37	20.15	20.00	20.49	20.71	60.00	34183	1	10.03	0.43	1.05
2023-11-06 22:59:12	CET	20.85	35.95	422.48	20.65	20.31	22.31	20.15	20.02	20.49	20.61	60.00	34184	1	10.12	0.50	1.07
2023-11-06 22:59:13	CET	20.83	35.95	422.49	20.65	20.33	22.25	20.15	20.09	20.49	20.59	60.00	34185	1	10.09	0.42	1.08
2023-11-06 22:59:15	CET	20.82	35.99	422.53	20.66	20.33	22.31	20.15	20.01	20.45	20.69	60.00	34186	1	10.13	0.48	0.78
2023-11-06 22:59:16	CET	20.78	36.05	422.51	20.65	20.31	22.37	20.09	19.95	20.51	20.69	60.00	34187	1	10.10	0.46	0.92
2023-11-06 22:59:17	CET	20.79	36.03	422.62	20.67	20.33	22.35	20.11	20.12	20.48	20.64	60.00	34188	1	10.13	0.47	0.94
2023-11-06 22:59:19	CET	20.81	36.07	422.59	20.67	20.37	22.35	20.01	20.09	20.51	20.67	60.00	34189	1	10.11	0.40	0.97
2023-11-06 22:59:20	CET	20.79	36.09	422.61	20.67	20.31	22.37	20.11	20.05	20.51	20.67	60.00	34190	1	10.12	0.45	0.99
2023-11-06 22:59:22	CET	20.80	36.10	422.51	20.65	20.31	22.31	20.11	20.09	20.43	20.67	60.00	34191	1	10.09	0.42	1.07
2023-11-06 22:59:23	CET	20.81	36.12	422.53	20.66	20.33	22.29	20.17	19.99	20.45	20.71	60.00	34192	1	10.24	0.50	1.04
2023-11-06 22:59:24	CET	20.80	36.10	422.51	20.65	20.33	22.29	20.09	20.05	20.45	20.71	60.00	34193	1	10.12	0.47	1.17
2023-11-06 22:59:26	CET	20.81	36.09	422.64	20.68	20.36	22.31	20.17	20.05	20.49	20.67	60.00	34194	1	9.99	0.37	1.24
2023-11-06 22:59:27	CET	20.81	36.12	422.62	20.67	20.35	22.25	20.15	20.07	20.49	20.71	60.00	34195	1	10.05	0.42	1.15
2023-11-06 22:59:28	CET	20.81	36.04	422.71	20.69	20.38	22.31	20.15	20.07	20.48	20.73	60.00	34196	1	10.08	0.40	1.07
2023-11-06 22:59:30	CET	20.82	36.05	422.72	20.69	20.37	22.31	20.21	20.08	20.45	20.71	60.00	34197	1	10.11	0.42	1.07
2023-11-06 22:59:31	CET	20.84	36.04	422.71	20.69	20.39	22.37	20.11	20.05	20.49	20.72	60.00	34198	1	10.12	0.47	1.04
2023-11-06 22:59:32	CET	20.84	36.03	422.60	20.67	20.33	22.31	20.11	20.09	20.49	20.68	60.00	34199	1	10.08	0.50	0.99
2023-11-06 22:59:34	CET	20.83	36.05	422.55	20.66	20.37	22.31	20.11	20.05	20.45	20.67	60.00	34200	1	10.20	0.51	1.12
2023-11-06 22:59:35	CET	20.84	35.99	422.65	20.68	20.39	22.31	20.11	20.09	20.45	20.71	60.00	34201	1	10.18	0.42	1.08
2023-11-06 22:59:37	CET	20.84	36.05	422.55	20.66	20.39	22.29	20.11	20.05	20.39	20.73	60.00	34202	1	10.15	0.43	1.03
2023-11-06 22:59:38	CET	20.86	36.08	422.67	20.68	20.39	22.31	20.15	20.09	20.43	20.71	60.00	34203	1	10.13	0.45	1.03
2023-11-06 22:59:39	CET	20.84	36.00	422.47	20.65	20.33	22.31	20.05	20.01	20.45	20.73	60.00	34204	1	10.10	0.47	1.07
2023-11-06 22:59:41	CET	20.81	36.02	422.65	20.68	20.27	22.41	20.09	20.01	20.51	20.77	60.00	34205	1	10.08	0.48	1.06
2023-11-06 22:59:42	CET	20.80	36.03	422.48	20.65	20.23	22.37	20.11	19.93	20.51	20.73	60.00	34206	1	10.07	0.47	0.81
2023-11-06 22:59:43	CET	20.80	36.07	422.54	20.66	20.37	22.36	20.09	19.95	20.51	20.67	60.00	34207	1	10.06	0.48	1.07
2023-11-06 22:59:45	CET	20.79	36.10	422.55	20.66	20.33	22.37	20.15	19.97	20.49	20.65	60.00	34208	1	10.00	0.46	1.05
2023-11-06 22:59:46	CET	20.78	36.13	422.50	20.65	20.32	22.35	20.11	20.00	20.45	20.68	60.00	34209	1	10.06	0.49	1.22
2023-11-06 22:59:48	CET	20.80	36.13	422.58	20.66	20.33	22.30	20.11	20.05	20.45	20.75	60.00	34210	1	10.06	0.50	1.12
2023-11-06 22:59:49	CET	20.79	36.14	422.67	20.68	20.31	22.36	20.11	20.05	20.49	20.76	60.00	34211	1	10.08	0.45	1.07
2023-11-06 22:59:50	CET	20.79	36.15	422.46	20.64	20.33	22.36	20.11	19.99	20.41	20.67	60.00	34212	1	10.09	0.43	1.06
2023-11-06 22:59:52	CET	20.80	36.09	422.62	20.67	20.33	22.32	20.17	19.99	20.45	20.77	60.00	34213	1	10.16	0.44	1.16
2023-11-06 22:59:53	CET	20.79	36.13	422.49	20.65	20.33	22.26	20.15	20.05	20.43	20.67	60.00	34214	1	10.07	0.53	1.05
2023-11-06 22:59:54	CET	20.80	36.13	422.33	20.62	20.33	22.26	20.09	20.01	20.43	20.61	60.00	34215	1	9.97	0.53	1.06
2023-11-06 22:59:56	CET	20.77	36.12	422.41	20.64	20.33	22.34	20.09	19.99	20.45	20.61	60.00	34216	1	10.01	0.49	1.02
2023-11-06 22:59:57	CET	20.79	36.14	422.60	20.67	20.31	22.34	20.15	20.01	20.49	20.71	60.00	34217	1	10.14	0.52	1.12
2023-11-06 22:59:58	CET	20.79	36.16	422.61	20.67	20.37	22.31	20.15	20.05	20.43	20.71	60.00	34218	1	10.11	0.48	1.09
2023-11-06 23:00:00	CET	20.78	36.14	422.55	20.66	20.33	22.31	20.15	20.01	20.49	20.67	60.00	34219	1	10.10	0.47	1.05
